chrX:91355689-91360433	2699.42	70.0735	6.16788	13.8518	1.65776	0.571055
chrX:113701576-113706513	1852.12	62.9607	3.64466	7.30369	1.24332	1.42764
chr2:67559048-67564268	1821.28	16.8598	1.12143	2.51852	1.24332	0.571055
chr13:56152811-56157770	1656.92	37.4076	1.40179	2.51852	1.0361	2.28422
chr3:54668961-54673777	1499.9	61.1167	1.40179	3.02222	0.62166	1.14211
chr4:180088080-180091271	1236.69	26.6068	1.40179	1.25926	0.62166	0.856582
chr13:51744452-51748691	1230.87	367.227	3.92502	3.77777	0.82888	0.571055
chr11:27651066-27656023	1220.51	14.4889	3.3643	0.503703	0.41444	0.571055
chr4:88857520-88858699	1181.06	15.2792	0.841075	2.01481	0.41444	0
chr1:223198189-223203041	1000.02	146.996	44.2966	23.4222	2.27942	0.571055
chr20:38898145-38902951	994.205	3.95151	1.12143	0.755555	0.62166	1.14211
chr4:88843406-88847147	947.428	12.118	0.841075	0.755555	0	0.571055
chr6:114744053-114749008	850.334	69.0197	48.2216	93.6888	3.1083	1.14211
chrX:113836183-113841247	732.506	16.8598	0.560717	3.27407	0.41444	0.571055
chr5:12663719-12667991	650.33	26.8703	1.12143	1.00741	0.41444	0.571055
chr4:93193090-93198346	599.507	13.4351	0.560717	0.755555	0.82888	0.571055
chr7:83089436-83094252	559.556	61.1167	2.52323	2.77037	0.82888	1.14211
chr13:43442590-43446839	508.228	11.3277	1.40179	1.51111	0.62166	0.571055
chr14:48724808-48729741	502.665	34.7733	52.7074	12.0889	1.45054	1.14211
chr10:53793967-53798870	486.736	20.5479	0.841075	1.25926	0.41444	0
chr2:77315802-77320792	434.396	12.3814	9.81254	6.04444	0.82888	0.856582
chr8:72587624-72592448	404.812	29.5046	0.841075	1.76296	0	0
chr12:59717450-59722283	401.525	24.7628	1.68215	1.25926	0.62166	0.571055
chr9:99977249-99981814	386.607	9.22019	3.92502	2.26666	1.24332	1.71316
chr1:222146870-222151848	344.634	41.6226	7.00896	2.51852	0.20722	0
chr6:132223145-132228108	344.381	46.8913	0.560717	0.755555	0.41444	0
chr2:8013287-8018569	338.06	14.4889	0.560717	0	0	0.571055
chr16:65264159-65268794	331.992	608.006	21.5876	10.8296	2.48664	0.571055
chr5:120033730-120038653	331.486	40.3054	5.60717	1.51111	0.41444	0
chr6:94540279-94545014	322.383	14.4889	1.40179	1.76296	0	0
chr2:210164516-210169210	311.258	19.7576	0.560717	0.755555	0.41444	0
chr4:62630417-62635258	307.971	5.26868	1.40179	1.51111	0.82888	0.856582
chr5:7264143-7268996	304.684	22.1285	1.12143	0.755555	0.41444	0.571055
chr14:38660290-38665283	304.178	7.90302	1.12143	1.25926	0.41444	0.571055
chrX:113283661-113288757	300.385	13.4351	9.53218	6.04444	0.82888	0
chrX:124523139-124527956	297.098	141.464	2.80358	1.25926	0.62166	0.571055
chr2:64480031-64484330	277.376	10.5374	6.7286	6.79999	10.5682	2.28422
chr1:216319395-216325548	276.87	57.6921	1.12143	1.00741	0.41444	0.571055
chr19:54335117-54340151	276.112	4.47838	2.80358	1.00741	1.65776	0.571055
chr15:97415544-97420444	271.055	33.7196	6.16788	2.26666	0.82888	0.571055
chr6:6028469-6033417	265.998	8.95676	0.560717	0.503703	0.41444	0.571055
chr13:56229517-56234489	259.424	8.16646	0	0.503703	0.82888	0
chr10:102141062-102142228	256.39	100.105	69.2485	63.7184	85.5818	67.67
chr3:176039857-176044698	251.333	10.2739	0.560717	1.76296	0.41444	0.571055
chr12:14858836-14863090	249.057	15.0157	4.76609	2.77037	0.82888	0.571055
chr1:113363153-113368280	232.875	603.527	72.3325	5.03703	1.86498	0.571055
chr10:102143310-102147799	202.027	92.9922	64.4824	43.8222	90.3479	59.1041
chr5:123833138-123838025	201.016	2.89777	0.841075	1.00741	1.24332	0.571055
chr7:145940910-145945904	200.257	31.0852	2.80358	3.02222	0	0
chr18:54083116-54088088	182.052	15.2792	0.560717	0	0.41444	0
chrX:121356309-121361187	170.926	41.0957	1.68215	0.755555	0	0.571055
chr3:170535805-170541142	170.168	18.4404	0.841075	0.503703	0.41444	0
chr5:147249849-147253638	164.352	30.5584	0.560717	1.00741	0.41444	0.571055
chr13:54701950-54706893	163.341	174.13	7.85003	0.755555	0.41444	1.14211
chr1:38891198-38896040	157.778	10.5374	0.841075	0.503703	0	0
chr3:186893747-186898598	157.02	2.89777	0.560717	0.503703	0.41444	0
chr4:93360555-93365352	153.985	3.16121	0.560717	0.503703	0.41444	0.571055
chr9:76700950-76705876	152.721	5.79555	1.12143	0.503703	0.41444	0.571055
chr1:185917861-185922893	147.664	2.10747	1.68215	1.25926	0.41444	0.571055
chr1:183582778-183588076	146.147	6.84929	0.841075	0.503703	0.41444	0.571055
chr1:213083816-213087541	145.641	53.2137	2.24287	1.00741	0.41444	0.571055
chr7:125558021-125563754	145.389	26.3434	1.12143	0	0	0.571055
chr13:56686984-56691940	142.102	2.89777	0	0	0	0
chr1:81711420-81716439	135.527	3.42464	1.12143	0.503703	0.41444	0.571055
chr5:106314741-106319336	133.252	20.5479	1.12143	0.755555	0.41444	0.571055
chr7:24436318-24441164	130.218	7.90302	1.68215	0.755555	0.41444	0
chr6:126023444-126028457	125.161	3.16121	0.560717	0.503703	0.62166	1.71316
chr5:135901479-135906483	123.896	2.89777	1.40179	0	0.62166	1.42764
chrX:103016456-103021857	123.896	337.986	50.1841	9.06665	2.69386	7.42371
chr4:153662947-153667858	122.632	2.63434	0.560717	0.503703	0.20722	0
chr2:188898659-188903456	120.356	94.8363	4.20538	2.77037	0.41444	0
chr2:76801201-76806377	118.334	2.63434	0.560717	0	0	0
chrX:115946895-115951739	116.058	13.962	0.841075	0.503703	0	0
chr5:170189495-170194457	113.024	3.95151	0.560717	0.503703	1.24332	2.56975
chr4:146754163-146759206	112.265	11.3277	1.40179	1.76296	2.48664	2.56975
chr10:55926888-55931816	109.99	2.63434	0.560717	0	0.41444	0
chr4:79635452-79640423	109.99	1.5806	0	0	0.41444	0
chr4:104475359-104480197	109.231	2.10747	0.560717	1.00741	0.41444	0.571055
chr3:148132483-148137432	105.438	0.790302	0.560717	0	0	0
chr7:93269658-93274457	103.668	12.118	0.841075	0.755555	0.41444	0
chr8:133092937-133097796	103.163	18.4404	0	0	0.41444	0
chr4:80475570-80480411	99.3699	3.16121	0.560717	0.503703	0	0
chr7:124369611-124374378	99.3699	7.63959	0.560717	1.00741	0	0.571055
chr20:38722184-38727216	97.0943	1.05374	0	1.00741	0.41444	0.571055
chr1:215583906-215588575	95.0715	8.69332	0.841075	0.755555	0.20722	0
chr4:157521800-157526735	92.543	13.6986	6.44824	1.51111	0	0
chr1:32898352-32903238	92.0373	11.3277	0.560717	0	0.62166	0
chr10:78578478-78583053	89.256	16.5963	0.560717	0.503703	0	0
chr1:232254313-232259240	87.2332	8.16646	0.841075	1.51111	0.41444	0.285527
chr14:51360330-51363109	85.9689	13.6986	2.24287	2.26666	1.45054	5.13949
chr4:173877214-173883048	82.1762	2.63434	0	0.503703	0	0.285527
chr13:36890954-36895877	81.4176	6.05898	5.60717	6.04444	4.35162	4.85396
chr8:98213450-98218433	80.4062	1.5806	1.12143	0.503703	0.41444	0.571055
chr5:5516087-5520795	76.3606	5.26868	0.560717	0.503703	0.82888	0.571055
chrX:86937131-86942193	75.3492	4.74181	1.40179	2.01481	1.86498	2.28422
chrX:110787488-110792449	74.3378	1.5806	0.560717	1.00741	0	0
chrX:4458955-4463911	74.085	1.05374	0	0	1.65776	0.571055
chr3:115512779-115517561	73.3264	2.63434	0.560717	0.503703	0.41444	0
chr16:70650818-70659915	72.5679	3.42464	0.560717	5.03703	0.41444	0
chr11:94079291-94088304	72.0622	10.0105	1.68215	1.51111	0.41444	0
chr9:102902872-102908395	69.028	2.10747	1.40179	1.51111	1.0361	1.14211
chr8:132322813-132327744	68.5223	80.6108	25.793	11.3333	0.82888	0.571055
chr8:69885666-69890549	67.7637	1.5806	0.560717	0	0	0.285527
chr19:55518605-55523381	67.5109	6.84929	5.32681	2.77037	3.52274	2.85527
chr10:26058235-26063362	64.2238	30.2949	0	0.503703	0	0
chr3:112137709-112141758	62.9596	11.0642	0.560717	0.503703	0.41444	0
chrX:16197734-16202149	61.9482	196.258	8.41075	2.51852	0.62166	0
chr5:121810335-121814426	61.1896	1.31717	1.68215	0.755555	1.0361	0.571055
chr6:115353409-115358333	59.6725	1.31717	0.841075	1.00741	0	0
chr1:114572293-114574705	59.4197	27.6606	0.841075	0.503703	0	0
chr1:48675084-48680081	59.1668	13.962	3.92502	1.76296	0.82888	0.856582
chr1:70833744-70839274	58.6611	80.8743	87.1914	45.5851	55.1205	38.8317
chr11:94375177-94380014	58.6611	8.95676	1.12143	0.503703	0.20722	0.571055
chr17:31100047-31101259	57.6497	40.5688	157.281	170.755	86.6179	31.9791
chr18:70992282-70997165	57.3969	3.68808	0.280358	1.00741	0.41444	0
chr16:13446873-13451430	56.8912	9.22019	0.841075	0.503703	0	0
chr2:169990292-169992902	56.8912	8.95676	56.352	19.6444	17.8209	2.85527
chr14:41985525-41990633	56.3855	3.68808	4.48573	2.51852	0.82888	1.71316
chr12:10486027-10490789	56.1326	31.6121	1.96251	1.00741	0.82888	0.571055
chr4:3929581-3934396	54.6155	21.6016	6.16788	7.8074	3.93718	1.14211
chr2:171834368-171839493	52.3399	2.63434	0.560717	1.00741	3.52274	1.42764
chr9:121248364-121253223	52.087	8.95676	1.12143	0	0.41444	0
chr6:120783652-120788826	51.8342	1.05374	0.560717	0.503703	0	0
chr9:96110322-96115181	51.3285	2.37091	1.40179	0	0.41444	0.571055
chr1:222139698-222144534	50.8228	8.95676	1.12143	1.25926	0.41444	0.571055
chr1:218767404-218772974	50.3171	1.05374	0.280358	0.503703	0	0
chr4:120915273-120920375	49.3057	15.806	0.841075	0.251852	0.20722	0.571055
chr5:83994492-83999572	48.8	2.89777	0.280358	0	0	0
chr2:157577007-157581942	48.5471	11.0642	0	1.00741	0	0
chr5:147244207-147248150	48.5471	5.26868	0.560717	1.00741	0.82888	0.856582
chr6:98227825-98232747	48.0414	6.05898	1.12143	1.00741	0.41444	2.85527
chr2:5141351-5146413	47.7886	6.32242	1.12143	0.503703	0	0
chr21:38960227-38964395	47.2829	56.9018	5.04645	1.76296	0.41444	0
chr4:126483225-126488160	47.2829	2.63434	0.560717	0.503703	0.41444	0
chr11:6091503-6096661	46.7772	3.16121	0.560717	0.755555	0.41444	0.571055
chr7:144039309-144039785	46.7772	5.53212	4.76609	2.26666	1.24332	0
chr2:225161762-225166669	45.7658	3.16121	0	0.503703	0	0
chr4:92545242-92550398	45.2601	2.10747	0.560717	1.00741	0.41444	0.571055
chr2:188535657-188540543	44.2487	4.47838	1.12143	0.503703	0	0
chr2:12766913-12771925	43.9959	2.63434	0	0	0	0.571055
chrX:109109772-109113650	43.2373	6.84929	0	0.503703	0.20722	0
chr7:120526122-120531035	42.7316	6.05898	0.560717	0.503703	0	0
chr15:101613166-101618043	42.4788	1.31717	1.12143	1.51111	1.0361	1.71316
chr9:93175428-93180150	42.2259	31.6121	0	10.8296	0.82888	0
chr16:86776072-86780808	41.9731	7.90302	1.12143	1.76296	0.41444	1.71316
chr6:140579039-140583804	41.9731	3.68808	0	0	0	0
chr14:47573882-47577517	40.9617	8.42989	0.560717	0	0	0.571055
chr2:193783449-193789141	40.7088	2.10747	0.560717	0	0.41444	0
chr14:48732015-48737072	40.456	107.218	18.784	3.27407	0.41444	0.856582
chrX:90028761-90033703	40.2031	1.5806	1.12143	0.503703	0.41444	0
chr13:56614837-56619958	39.9503	2.37091	0	0	0	0.571055
chr11:130434722-130439424	39.4446	1.05374	0.560717	0.251852	0.41444	0.571055
chr5:8998880-9002586	39.4446	4.47838	0	0.503703	0	0
chr5:75653532-75658450	38.9389	4.74181	0.280358	0	0.41444	2.28422
chr6:14297621-14302606	38.9389	62.1704	2.24287	0.503703	0	0
chr5:116382548-116387508	38.4332	2.89777	0	1.00741	0	0
chr13:54842659-54844878	37.6746	2.37091	0.560717	1.00741	0	0
chr22:28138420-28140670	37.1689	2.10747	0.560717	0	0.82888	0.571055
chr2:198443500-198448349	36.6632	1.05374	0.841075	1.00741	1.0361	0.571055
chr9:12948826-12953646	36.6632	7.63959	0.841075	0.503703	0.41444	0
chr15:89090949-89094539	35.9047	4.21495	3.92502	1.51111	1.0361	2.85527
chr8:115294377-115299513	35.9047	1.05374	1.12143	0.251852	0	0
chr1:205854124-205859445	35.6518	26.08	36.1662	74.548	66.5176	99.9346
chr16:8927325-8938883	35.6518	10.5374	6.7286	4.02962	6.63104	5.42502
chr5:107887501-107890268	35.399	0.790302	0	0.503703	0.41444	0
chr9:118235913-118240748	35.399	4.74181	0.560717	4.02962	0	0
chr3:124471848-124476601	35.1461	2.63434	2.80358	1.25926	5.38772	2.28422
chr2:209081063-209086252	34.8933	1.84404	0	0	0	0.571055
chr9:85316917-85320761	34.8933	5.26868	0	0	0	0
chr20:13338979-13342872	33.8819	2.89777	0	0.503703	0.41444	0.571055
chr9:90026063-90031139	33.1233	2.37091	0.560717	0.503703	0	0.571055
chrX:111774082-111779133	32.8705	13.4351	1.12143	1.00741	0	0
chrX:30467458-30472515	32.8705	81.6646	1.96251	1.00741	0.62166	0.571055
chr1:79954702-79959391	32.6176	11.0642	0.560717	0.503703	0	0
chr2:200044539-200049953	32.6176	2.63434	0.841075	1.51111	0.41444	0
chr8:84417338-84422754	32.6176	3.95151	0	0	0.41444	0
chr11:42142648-42146430	32.3648	85.3526	3.3643	1.51111	0.41444	0
chr16:9764834-9770676	32.3648	1.05374	1.68215	1.25926	0.82888	0.571055
chr2:188423115-188430422	32.3648	8.95676	4.76609	0.503703	1.45054	0.571055
chr8:114522360-114527154	32.3648	1.05374	0	0	0	0.571055
chr5:109867034-109870818	32.1119	3.16121	1.68215	1.00741	0.41444	0.571055
chr8:115254285-115258863	32.1119	3.42464	4.76609	4.78518	0.41444	0
chrX:86237289-86242052	31.1005	6.32242	0	0.503703	0.20722	0
chr14:59912082-59916096	30.8477	6.05898	5.04645	2.51852	2.27942	2.56975
chr7:93024378-93028524	30.8477	1.5806	0	0	0	0
chr9:101028004-101033280	30.8477	45.5741	1.40179	0.755555	0.82888	0
chr1:55488843-55493559	30.0891	3.16121	0	0.503703	0	0
chr1:99975521-99980478	30.0891	2.10747	0.560717	0	0.41444	0.571055
chr11:118588151-118591723	29.8363	2.63434	0.560717	1.00741	0.41444	0
chr5:16420489-16425124	29.8363	3.95151	1.12143	0.503703	0.82888	1.42764
chrX:4810107-4814923	29.8363	1.31717	0	0.503703	0.41444	0
chr6:160708043-160712942	29.5834	0.790302	0.280358	0.503703	0	0
chr8:80298774-80303485	29.5834	6.32242	0.560717	0	0.41444	0
chr8:128444394-128449259	29.3306	3.68808	1.40179	2.01481	1.0361	1.42764
chr15:53719475-53724226	29.0777	1.5806	1.68215	1.25926	0.82888	0.285527
chr20:12321348-12326153	28.3192	1.5806	0.560717	0.503703	0.20722	0
chr3:170400046-170406593	28.0663	0.526868	0	0.503703	0.41444	0.571055
chr2:66471470-66476228	27.5606	40.8323	1.12143	1.00741	0.41444	0.571055
chr12:17175256-17179866	27.3078	3.68808	0	0	0.41444	0
chr12:13412962-13418051	27.0549	14.2254	0.560717	0.503703	0	0
chr18:29384147-29389618	27.0549	1.05374	0	1.00741	0.41444	0.571055
chr3:39619732-39624697	27.0549	7.63959	0.560717	0	0	0
chrX:12958397-12963245	27.0549	54.5309	2.52323	0.503703	0	0
chr10:55259788-55264024	26.8021	1.5806	0	0	0.41444	0
chr6:123903879-123908749	26.8021	6.32242	0.841075	1.51111	1.0361	2.85527
chr3:34682398-34683973	26.5492	2.63434	0.560717	0	0.41444	0
chr2:154391462-154392548	26.2964	1.05374	0.560717	0.503703	0.20722	0.571055
chr22:32899174-32904057	26.2964	38.7248	7.56968	5.28888	7.66714	2.85527
chr4:92576204-92581266	26.2964	0.790302	0.560717	0.503703	0	0
chr16:21882632-21883192	26.0435	21.3382	17.9429	20.4	10.7754	15.9895
chr3:191384498-191389714	26.0435	4.21495	0.560717	0	0.41444	0.285527
chr6:164760211-164765401	26.0435	3.68808	0.560717	0	0.41444	0
chr1:229310527-229315473	25.7907	3.42464	1.40179	1.51111	0	0
chr17:11875506-11879830	25.7907	10.0105	13.7376	10.3259	19.0642	9.4224
chr7:143484047-143488892	25.7907	5.26868	0	0.251852	0	0.571055
chr3:38112425-38122295	25.5378	2.63434	0.560717	0.503703	0.82888	0.571055
chr10:91841226-91846095	25.285	3.42464	0	0	0	0
chr15:83371528-83376777	25.0321	5.53212	1.40179	0.503703	1.0361	0.571055
chr13:66800951-66806019	24.7793	11.5911	1.12143	0	0	0.571055
chr3:40602789-40607762	24.7793	1.05374	1.96251	2.26666	2.27942	1.42764
chrX:30122131-30126960	24.7793	4.47838	0.560717	1.51111	0.41444	0
chr7:143905391-143905867	24.5264	8.95676	2.52323	5.03703	0.41444	0
chr12:79934080-79938954	24.0207	1.31717	1.12143	5.54073	1.45054	1.42764
chr2:58541702-58546131	24.0207	2.63434	0.560717	0	0	0.571055
chr6:158122124-158127115	23.7679	2.37091	0.560717	1.00741	0.41444	1.42764
chrX:130846476-130851382	23.7679	36.3539	17.6626	13.8518	6.83826	1.14211
chr6:102550409-102555633	23.515	2.10747	0.280358	0.503703	0	0
chr11:23909178-23914069	23.2622	2.89777	0	0	0	0
chr6:165073584-165078684	23.2622	3.68808	0	0.503703	0.41444	0
chr7:42910655-42915520	23.2622	6.32242	2.80358	1.25926	0.82888	0
chr15:35531263-35535604	22.7565	1.84404	1.40179	1.51111	0.82888	0.856582
chr3:78633482-78637619	22.7565	7.11272	0.280358	0	0.41444	0.571055
chr5:166725047-166730273	22.7565	3.95151	0	0.503703	0.41444	0
chr20:12734923-12739826	22.5036	1.84404	0.560717	0.755555	0.82888	0.571055
chr1:73453932-73458836	22.2508	2.63434	0	0	0.41444	0
chr8:98187697-98192526	21.7451	1.84404	1.12143	2.01481	0.82888	0.856582
chr10:122604915-122609638	21.4922	5.00525	5.04645	2.77037	1.86498	3.1408
chr12:20970841-20975118	21.2394	2.63434	1.12143	0	0	0.285527
chr6:117980389-117985935	21.2394	24.4994	7.56968	8.56295	4.76606	0.856582
chr14:99452023-99458796	20.7337	2.10747	0.560717	0	0.41444	0.571055
chr2:209943195-209948652	20.7337	0.790302	0.280358	0.503703	0.41444	0.571055
chr11:122695540-122697277	20.4808	0.790302	0	0.503703	0	0
chr6:121942015-121946996	20.4808	2.10747	0.280358	0.503703	0	0
chr1:64816077-64820998	20.228	26.6068	0.841075	2.51852	1.86498	1.71316
chr6:91380370-91384705	20.228	0.790302	0.560717	5.79258	0.82888	0
chr19:36646809-36651479	19.9751	12.118	5.04645	4.78518	6.00938	5.71055
chr4:187163476-187168370	19.9751	19.7576	0.280358	0	0.41444	0
chr7:64139927-64146899	19.9751	23.7091	7.28932	9.57036	2.27942	3.42633
chr2:216787480-216792396	19.7223	1.05374	0.560717	0.503703	0.41444	0
chrX:98414119-98419782	19.7223	2.63434	0.560717	1.00741	1.24332	0
chr5:92159882-92164881	19.4694	2.63434	0.560717	0	0.41444	0.571055
chr6:16259658-16264710	19.4694	106.164	20.4662	24.6814	17.6137	2.85527
chr6:21362173-21367045	19.4694	2.10747	1.12143	0.503703	0	0
chr3:152944351-152949897	19.2166	2.37091	1.12143	1.00741	0.82888	0
chr7:20160791-20165722	19.2166	7.63959	0.560717	0.503703	0	0
chr1:187735090-187739894	18.9637	1.5806	0.560717	0.503703	0	0
chr1:5105297-5112709	18.9637	17.9135	0.280358	0	0.41444	0
chr13:66715895-66720736	18.9637	0.526868	0	0.503703	0	0
chr13:80758096-80763666	18.9637	2.63434	0.560717	0.503703	0.41444	1.99869
chr19:20265774-20271642	18.9637	16.3329	2.80358	1.76296	1.0361	1.99869
chr3:128679096-128683802	18.9637	3.42464	0.560717	1.25926	0.82888	0
chr2:198449400-198452082	18.7109	1.05374	0.560717	0.503703	0.41444	0
chr5:18669401-18674259	18.7109	0.526868	0.560717	0	0.41444	0.571055
chr7:125550469-125555344	18.7109	3.42464	0	0.251852	0	0
chr11:83053434-83056227	18.458	2.63434	0.560717	0.503703	0.41444	0.571055
chr22:39452689-39458563	18.458	20.5479	30.5591	14.8592	14.9198	12.2777
chr19:9650447-9651409	18.2052	11.8545	7.56968	17.3778	15.5415	12.2777
chr2:207882353-207887596	18.2052	2.37091	0.280358	0.503703	0	0.571055
chr9:118601907-118606755	18.2052	0.790302	0	0	0	0
chr4:146620426-146624207	17.9523	2.37091	0.560717	1.00741	0	0
chr7:124601116-124604006	17.9523	1.05374	0.841075	0.503703	0.62166	1.14211
chr3:129778405-129783408	17.6995	55.5846	1.40179	0.503703	0.41444	0
chr6:39099723-39103847	17.6995	2.10747	1.96251	0.503703	0.41444	0
chr6:154243952-154247910	17.4466	1.5806	0.560717	0	0	0
chr9:25669330-25674762	17.4466	2.10747	0.560717	0.503703	0	1.14211
chr3:166540797-166547084	17.1938	0.263434	0	0	0	0
chr5:100320427-100325494	16.6881	2.63434	0	0.503703	0	0
chr7:51938028-51939785	16.6881	3.16121	0.280358	0	0	0
chrX:95879444-95885090	16.6881	0.526868	0	0	0.41444	0.285527
chr12:96143062-96148235	16.1824	9.48363	1.12143	0.503703	0.82888	1.42764
chr2:75441304-75446192	16.1824	0.263434	0.560717	0.503703	0	0
chr9:82752658-82757626	16.1824	2.89777	0.280358	0.251852	0	0
chr11:70060777-70065859	15.9295	7.63959	0.841075	0.503703	1.45054	0.571055
chr14:96439769-96444798	15.9295	6.05898	0.560717	7.05184	0.20722	0
chr1:66109321-66113283	15.6767	2.10747	0.560717	0	0.62166	0
chr2:225090447-225095303	15.6767	6.84929	0.280358	0	0.41444	0
chr21:42327146-42332172	15.6767	0.526868	0	0	0	0
chr8:3095928-3100838	15.6767	4.21495	0.280358	0.503703	0.20722	0
chr3:78373256-78376934	15.4238	0.790302	0.560717	0	0	0
chr4:135599501-135604298	15.4238	1.05374	0	0.503703	0.20722	0
chr5:103399785-103405729	15.4238	0.526868	0	0	0	0
chr6:145424725-145429592	15.4238	14.7523	0.560717	0.503703	0	0
chr14:47013670-47018411	15.171	0.526868	0.560717	0	0.41444	0
chr3:144829472-144834692	15.171	0.526868	0	0	0	0
chr4:167637728-167642754	15.171	1.05374	0	0	0	0.571055
chr12:20916294-20921542	14.9181	0.790302	1.12143	0	0	0
chr14:87701446-87706724	14.9181	38.7248	3.08394	1.00741	0.41444	0
chr14:92508468-92516089	14.9181	14.4889	23.5501	19.1407	24.2447	24.5553
chr16:30270803-30271363	14.9181	11.8545	11.2143	9.31851	6.00938	12.5632
chr12:11615553-11620502	14.6653	1.5806	0.841075	1.00741	1.0361	0.856582
chr6:131660392-131665253	14.6653	1.5806	0.841075	0.503703	0	0
chr8:105298569-105303907	14.6653	1.5806	0	0	0.41444	0
chr1:55363972-55368856	14.4124	1.05374	0.841075	0.755555	0.62166	0.285527
chr4:95006214-95010935	14.4124	1.31717	0.841075	1.00741	0.41444	0
chr2:165316153-165319794	14.1596	1.05374	0.560717	0	0.41444	0.285527
chr21:44221404-44226239	14.1596	18.7038	3.64466	4.02962	2.90108	0.571055
chr3:192713847-192718771	14.1596	5.00525	0.560717	1.00741	0	0
chr11:130623843-130628580	13.9067	0.526868	0	0.251852	0.41444	0
chr12:12211718-12216615	13.9067	28.4509	0.560717	0.503703	0.62166	0
chr16:65309592-65312861	13.9067	5.79555	0.841075	0.503703	0.62166	0
chr2:118036781-118041604	13.9067	0.790302	1.12143	1.25926	0.62166	0.571055
chr3:104159205-104164184	13.9067	0.526868	0	0	0	0
chr4:98058359-98060782	13.9067	0.790302	0	0.251852	0	0
chr6:123161361-123166262	13.9067	1.05374	0.560717	0	0	0
chr8:92960655-92964489	13.9067	0.526868	0	0.503703	0.41444	0.571055
chrX:92278369-92283224	13.9067	1.5806	0	0	0	0
chr2:207672013-207676898	13.6539	1.5806	0.841075	0.755555	1.86498	1.14211
chr19:5549027-5552782	13.401	0.526868	0.560717	1.76296	1.0361	0.571055
chr4:172907616-172911278	13.401	0.526868	0	0	0	0
chr14:71591340-71596315	13.1482	3.68808	0.560717	0.503703	0.82888	0.571055
chr3:163625725-163631369	13.1482	1.31717	0.280358	0	0	0
chr9:102432515-102437732	13.1482	1.5806	1.12143	0.755555	1.0361	1.14211
chr2:84016481-84021194	12.6425	2.89777	0.280358	0.503703	0.20722	0
chr5:179843157-179847070	12.6425	26.6068	1.12143	0	0.82888	1.14211
chr1:5174546-5178499	12.3896	3.42464	0.560717	0.503703	0.41444	0
chr3:150318575-150319808	12.3896	16.3329	24.9519	19.3926	13.6765	21.9856
chr3:154992630-154998181	12.3896	16.5963	0	0	0	0.285527
chr5:147240259-147240888	12.3896	4.47838	0.841075	0.755555	0.41444	0.571055
chr7:109232317-109237243	12.3896	1.05374	0.560717	0.503703	0.41444	0
chr10:92567496-92572554	12.1368	1.31717	0.560717	0	0.41444	0.571055
chrX:70484776-70492141	12.1368	13.1717	29.718	16.6222	6.2166	5.13949
chr4:168357607-168362227	11.8839	13.4351	2.24287	0	0.41444	0
chr8:116224934-116229756	11.8839	6.32242	1.12143	0.503703	0.41444	0
chr4:163630737-163635548	11.6311	1.31717	0	0	0.41444	1.14211
chr4:16999823-17005097	11.6311	0.790302	0.560717	0.503703	0	0
chr11:20589861-20593760	11.3782	1.31717	0	0.503703	0	0
chr12:4128159-4132411	11.3782	5.26868	0.841075	1.00741	0.41444	0
chr1:64038771-64040570	11.1254	21.6016	17.9429	17.1259	10.361	17.9882
chr1:99267054-99271968	11.1254	1.84404	0.560717	0.503703	0.41444	0
chr4:134933777-134939128	11.1254	2.10747	1.12143	0.503703	0.41444	0.571055
chr8:113208506-113213283	11.1254	1.5806	0	0.503703	0.20722	0
chr9:88073690-88081410	11.1254	1.05374	0.560717	0.251852	0.82888	0
chr13:48630902-48636019	10.8725	7.11272	7.00896	7.8074	7.66714	5.13949
chr2:71385336-71387547	10.8725	1.31717	0.560717	0.503703	1.24332	1.14211
chr20:44388392-44393472	10.8725	33.1927	1.12143	0.503703	0.41444	0
chr3:191613567-191618488	10.8725	8.16646	0	0	0.41444	0.571055
chr4:168844468-168849364	10.8725	3.68808	0	0	0	0
chr6:127170421-127175170	10.8725	1.05374	0.560717	1.00741	0.82888	0.571055
chr6:142337256-142342468	10.8725	105.374	0.560717	0.503703	0.41444	0.571055
chr11:5181937-5186933	10.6197	2.10747	0	0	0	0
chr12:100109369-100115104	10.6197	0.526868	0.560717	0.503703	0.41444	0.571055
chr15:53031186-53036980	10.6197	0.526868	0.560717	0	0.41444	0.571055
chr6:131825917-131830251	10.6197	8.69332	0.560717	0	0	0
chr7:22743386-22748522	10.6197	65.5951	8.41075	1.25926	0.20722	0.571055
chr9:94834413-94840505	10.6197	15.2792	19.9054	21.4074	10.9827	7.99476
chr18:54732330-54739280	10.3668	1.31717	1.12143	0.503703	0.41444	0.571055
chr19:53124379-53130116	10.3668	12.118	23.2697	14.1037	8.91046	3.99738
chr10:55252932-55253706	10.114	0.526868	0	0	0	0
chr10:60621205-60626638	10.114	0.526868	0	0.251852	0	0
chr15:36578272-36583076	10.114	1.5806	1.12143	0.503703	0	0.571055
chr15:95294391-95303193	10.114	0.526868	0.841075	0	0	0.571055
chr16:59549315-59556430	10.114	0	0.560717	0.503703	0.62166	0.571055
chr18:33424468-33429944	10.114	2.10747	0.560717	0.503703	0	0
chr19:22751555-22757339	10.114	1.05374	0	0	0	0
chr3:187184499-187189379	10.114	3.16121	0.560717	0.755555	0	0
chr9:117937341-117942202	10.114	1.31717	0.560717	1.00741	0	0
chr1:80162461-80167315	9.86114	16.3329	1.12143	0.503703	0.41444	0.285527
chr4:131688967-131694024	9.86114	1.31717	0	0	0	0
chrX:6190669-6195573	9.86114	2.10747	0	0	0	0
chr1:230737394-230744406	9.60829	2.63434	0.560717	0.503703	1.24332	0.571055
chr1:77360905-77365659	9.60829	3.42464	0.560717	0.503703	0.41444	0.571055
chr14:21169413-21174319	9.60829	7.11272	5.60717	5.54073	27.353	42.8291
chr2:165152770-165157647	9.60829	0.263434	0	0	0.41444	0.571055
chr3:161440110-161445156	9.60829	1.31717	0	0	0	0
chr4:157025073-157030046	9.60829	3.68808	0.280358	0	0	0
chr6:121246382-121251613	9.60829	0.526868	0	0	0.20722	0
chr6:81357662-81362697	9.60829	3.42464	0.560717	0.503703	0.41444	0.571055
chrY:5193276-5198016	9.60829	1.5806	0	0	0	0
chr11:102775051-102780228	9.35544	0.526868	0	0.503703	0.41444	0.571055
chr13:79848628-79853547	9.35544	1.84404	0	0.503703	0	0
chr5:126175470-126180944	9.35544	5.00525	1.96251	1.00741	1.65776	1.14211
chr6:131616948-131621886	9.35544	1.05374	0.560717	0.755555	0.82888	0.571055
chr6:131644888-131649827	9.35544	1.5806	0.560717	1.00741	0.41444	0
chrX:16063245-16068136	9.35544	54.004	1.40179	0.503703	0.41444	0.571055
chr1:225028029-225033383	9.10259	10.8008	0.560717	0.251852	0.41444	0
chr1:43551594-43556444	9.10259	0.790302	0.841075	0	0.41444	0.856582
chr10:6671991-6677052	9.10259	0.790302	0.560717	1.25926	1.0361	0
chr13:61780219-61785010	9.10259	4.21495	0.280358	0.503703	0.41444	0
chr19:53131447-53136298	9.10259	6.58585	13.4572	10.5778	5.80216	2.85527
chr4:168797862-168802774	9.10259	0.526868	0	0.503703	0.41444	0
chrX:29994065-29998954	9.10259	3.68808	0.280358	0.503703	0.20722	0.571055
chr12:101539539-101539811	8.84974	1.84404	1.40179	3.27407	0.41444	0
chr16:29530821-29531381	8.84974	13.1717	10.934	9.82221	10.7754	16.2751
chr22:17092637-17095598	8.84974	2.63434	0	0	0	0
chr4:190847449-190852612	8.84974	1.5806	4.48573	1.25926	2.27942	2.28422
chr7:100520291-100525224	8.84974	1.05374	0.560717	0	0.41444	0
chr1:35597625-35603212	8.59689	0.526868	0.280358	0.503703	0.41444	0
chr1:82533638-82538413	8.59689	0.263434	0.560717	0	1.24332	0
chr2:166564542-166572225	8.59689	3.16121	0.560717	1.00741	0.82888	0.571055
chr6:110177387-110182368	8.59689	1.5806	0.280358	0	0	0.285527
chr1:232365806-232370293	8.34404	1.84404	1.12143	1.25926	0.41444	0
chr1:239264921-239269962	8.34404	0.790302	0	0.251852	0	0
chr19:9852878-9857939	8.34404	17.3866	37.2877	33.2444	11.8115	13.4198
chr19:9859335-9862096	8.34404	18.4404	42.8948	35.5111	11.8115	16.8461
chr6:12667813-12672887	8.34404	3.16121	0	0.251852	0	0
chr7:122457232-122462604	8.34404	0.790302	0.560717	0.755555	1.0361	1.14211
chr7:124899848-124904242	8.34404	1.05374	3.08394	72.2814	3.52274	0.571055
chrX:93954269-93959173	8.34404	1.31717	0	0	0	0
chr1:216181897-216186800	8.09119	10.2739	0	0.251852	0	0.571055
chr3:16786189-16791125	8.09119	0	0.560717	0	0.41444	0.571055
chr4:152734038-152738980	8.09119	0.790302	0	0	0	0.571055
chr4:183735896-183739639	8.09119	1.5806	0.560717	0	0.41444	0.285527
chr7:75408627-75417481	8.09119	32.139	0.560717	0.503703	0.41444	1.14211
chr9:85499100-85503955	8.09119	1.05374	0	0	0	0
chrY:5809603-5813627	8.09119	0.526868	0	0	0	0
chr1:229548566-229553967	7.83834	1.05374	0.841075	1.51111	3.1083	10.279
chr1:43322841-43325107	7.83834	7.63959	13.1768	9.57036	7.2527	4.56844
chr1:71054478-71059271	7.83834	2.63434	0	0.503703	0	0.571055
chr10:1391617-1396415	7.83834	1.31717	0	0.503703	0.41444	0.571055
chr15:89103500-89105040	7.83834	0.526868	0.560717	0.503703	0.41444	0.571055
chr2:16973642-16978510	7.83834	1.31717	0.560717	0	0.41444	0
chrX:97779695-97784615	7.83834	0.526868	0	0	0	0
chr11:96459087-96464223	7.58549	2.37091	0.560717	0	0	0.571055
chr3:175545724-175553559	7.58549	0.526868	0.560717	0.503703	0.20722	0.571055
chr4:118173666-118178542	7.58549	0.526868	0	0.503703	0	0.285527
chr4:180642088-180647638	7.58549	0.790302	0	0	0	0
chr4:24503050-24507922	7.58549	1.05374	0.560717	0.251852	0.62166	0.571055
chrX:3471616-3475587	7.58549	2.10747	0.560717	0	0.41444	0.571055
chr11:131124825-131129760	7.33264	1.05374	0.280358	0	0.41444	0.285527
chr2:179916718-179921656	7.33264	1.31717	3.92502	6.79999	0.82888	0.571055
chr4:164021523-164024942	7.33264	8.95676	8.41075	4.53333	10.9827	7.99476
chrX:112352380-112357193	7.33264	1.5806	0	0.503703	0	0
chr1:209622603-209626896	7.07979	3.42464	0.560717	0	0.20722	0
chr12:44844248-44849438	7.07979	0.526868	0	0.503703	0.41444	0
chr12:88762253-88765757	7.07979	0	0	0.503703	0.82888	0
chr12:8957879-8962765	7.07979	14.2254	0.560717	0.503703	0.82888	0.571055
chr19:20487278-20487373	7.07979	6.84929	3.92502	3.27407	0.41444	0.856582
chr4:24325340-24329445	7.07979	1.05374	0.560717	0	0.41444	0.571055
chrX:112419825-112423612	7.07979	1.5806	1.40179	1.00741	0.41444	0
chrX:137341220-137351789	7.07979	14.7523	0.560717	0.503703	0.41444	0.571055
chr12:68161036-68165673	6.82694	1.5806	1.96251	3.77777	2.0722	2.28422
chr2:141184372-141189560	6.82694	0.526868	0.560717	0	0	0
chr2:193373936-193377495	6.82694	0.526868	0.560717	0	0	0
chr2:36826670-36831475	6.82694	0.526868	0.560717	0	0	0
chr4:14172023-14177147	6.82694	0.790302	0.560717	0.503703	0	0.571055
chr4:8484569-8489986	6.82694	6.32242	7.28932	4.53333	7.04548	5.13949
chr5:18535592-18543676	6.82694	1.05374	0	0	0	0
chr8:12341426-12342587	6.82694	54.004	180.831	187.126	75.6353	1.71316
chr8:82826791-82831758	6.82694	2.89777	0.560717	0.503703	0.41444	0
chrX:116413543-116418401	6.82694	0.526868	0.560717	0	0.41444	0
chr15:93055001-93060247	6.57409	0.790302	0.560717	0.503703	0.82888	0
chr16:60112891-60118031	6.57409	2.37091	0	0	0.20722	0.571055
chr7:120955873-120960908	6.57409	0.526868	0.560717	0	0	0
chr1:195817156-195817263	6.32124	0.526868	0	0	0	0
chr11:122417735-122425861	6.32124	16.3329	2.24287	0.503703	0.41444	2.56975
chr13:87010874-87015940	6.32124	0.526868	0	0	0.41444	0
chr14:70760598-70768253	6.32124	0.526868	0.560717	0.503703	0.41444	0
chr19:9474823-9476686	6.32124	6.84929	11.2143	8.05925	9.53212	6.85265
chr2:35015296-35020705	6.32124	3.42464	1.40179	0.755555	0	0
chr5:135877063-135880654	6.32124	1.05374	2.80358	0.755555	0.41444	0
chr7:116096135-116100796	6.32124	1.84404	0	0	0.41444	0.571055
chr7:121204101-121209321	6.32124	0.526868	0.560717	0	0	0
chr9:109550976-109556130	6.32124	0.790302	0	0	0	0
chr1:229083604-229087247	6.06839	0.526868	0.560717	1.00741	1.24332	0
chr11:7934148-7939012	6.06839	2.10747	0	1.00741	0.41444	0
chr11:83142093-83147159	6.06839	1.05374	0.560717	0.503703	0.41444	0.571055
chr13:35373495-35377067	6.06839	2.10747	0.560717	0.503703	0.20722	0
chr20:153867-159046	6.06839	1.05374	0	0	0	0
chr3:145428635-145433479	6.06839	2.10747	0	0	0.41444	0
chr4:136089021-136093841	6.06839	0.526868	0	0	0	0.571055
chr4:23724944-23729040	6.06839	0.790302	1.12143	0.755555	0.41444	0.571055
chr12:70479509-70483604	5.81554	2.63434	1.12143	1.25926	0.82888	0.856582
chr2:189033826-189039010	5.81554	1.05374	0	0.503703	0	0
chr2:60644970-60649150	5.81554	20.2844	0.560717	0.503703	0	0.571055
chr7:120417078-120422537	5.81554	2.37091	0.560717	0	0.41444	0
chr10:107776953-107782401	5.56269	2.10747	0	0	0	0
chr14:84967003-84971906	5.56269	3.16121	0.560717	0	0	0
chr18:20865033-20869614	5.56269	6.32242	0.841075	1.51111	0.41444	0.571055
chr19:46776860-46781690	5.56269	4.74181	0.560717	2.01481	0.62166	0.571055
chr19:55406073-55411542	5.56269	2.63434	0.280358	0.503703	0	0
chr2:12710235-12715123	5.56269	0.790302	1.12143	0.503703	0	1.14211
chr3:72072685-72077645	5.56269	2.10747	3.92502	2.26666	1.45054	0.571055
chr4:118521723-118524884	5.56269	0.526868	0	0.503703	0.41444	0
chr7:9393485-9398384	5.56269	7.63959	1.12143	2.51852	0.82888	1.14211
chr11:66341519-66344198	5.30984	2.63434	0.560717	0.755555	4.76606	1.14211
chr12:11763129-11767770	5.30984	5.79555	1.68215	2.26666	2.48664	1.42764
chr12:73097454-73107728	5.30984	0.526868	0	1.00741	0	0
chr2:79278926-79283799	5.30984	0	0.560717	0	0	0
chr2:81103355-81106918	5.30984	0.526868	0.560717	0	0.41444	0.571055
chr3:189862798-189867582	5.30984	97.9975	13.7376	18.637	8.49602	4.28291
chr3:21009443-21014309	5.30984	15.5426	1.40179	0.503703	0	0
chr3:35916255-35921156	5.30984	0.790302	0.560717	0	0.41444	0
chr4:171038001-171042900	5.30984	4.47838	0	0	0.41444	0.571055
chr6:3172183-3173679	5.30984	1.31717	1.40179	0.503703	1.0361	1.14211
chr9:124552731-124558598	5.30984	2.63434	0.560717	0.503703	0.41444	0.571055
chr1:68852122-68857245	5.05699	7.37615	0.560717	0.503703	0.62166	0.285527
chr10:98493174-98495941	5.05699	1.05374	0.280358	0	0	0
chr11:23205931-23210836	5.05699	1.84404	1.12143	0.503703	0	0.571055
chr12:81177304-81182264	5.05699	11.3277	0.560717	0.251852	0.41444	0.571055
chr19:39241132-39245528	5.05699	1.5806	1.68215	1.25926	2.48664	1.71316
chr21:27600604-27605393	5.05699	1.5806	0	0.503703	0.41444	0.571055
chr4:9107978-9109786	5.05699	1.5806	1.96251	2.77037	0.41444	0
chr5:100651347-100655885	5.05699	0.790302	0.560717	0.503703	0	0
chrX:108422023-108426938	5.05699	1.05374	0.560717	0	0	0.571055
chr11:118600883-118602152	4.80414	1.5806	1.12143	0.755555	0.20722	0.571055
chr11:68401640-68406462	4.80414	1.05374	0.560717	0	0	0
chr11:83153580-83159226	4.80414	1.5806	0.560717	0.755555	0.41444	0.571055
chr2:58340995-58345821	4.80414	1.05374	0.841075	1.00741	1.0361	1.42764
chr4:134185115-134189581	4.80414	53.7406	25.793	5.79258	0	0.571055
chr4:171599197-171603085	4.80414	1.05374	0	0.503703	0.41444	0.571055
chr5:152829697-152834524	4.80414	0.526868	0.560717	0	0.41444	0
chr6:125211986-125212937	4.80414	0	0	0	0.41444	0
chr7:139146609-139152035	4.80414	1.5806	0.560717	0.503703	0.41444	0.571055
chr8:129624597-129629423	4.80414	3.42464	0	0	0	0
chr1:241597591-241602781	4.5513	2.89777	0.841075	0.251852	1.0361	0.856582
chr1:73446579-73450721	4.5513	0.790302	0	0	0.41444	0
chr10:5513142-5518567	4.5513	1.84404	0.560717	0	0.41444	0
chr12:79234833-79235531	4.5513	0.526868	0	0	0	0
chr21:18286850-18291815	4.5513	0.526868	0	0	0.41444	0
chr3:115824637-115829645	4.5513	1.05374	0.841075	0.503703	0	0
chr3:152315215-152320532	4.5513	1.31717	0.560717	0.755555	0.41444	0.285527
chr3:177384071-177388466	4.5513	3.42464	0.560717	1.00741	0	0
chr4:87396382-87401216	4.5513	27.1337	0.841075	1.51111	0.62166	0.571055
chr6:137381833-137387844	4.5513	2.10747	0.560717	0	0.20722	0
chr6:148961317-148966222	4.5513	1.05374	0	0.503703	0.41444	0
chr13:89165524-89170545	4.29845	0.526868	0.560717	0	0	0
chr15:24930897-24935771	4.29845	4.21495	1.12143	1.25926	0.62166	1.42764
chr18:71960477-71965916	4.29845	2.10747	2.80358	4.28148	4.35162	1.71316
chr19:17704734-17708904	4.29845	0.526868	0.560717	0	0.62166	0
chr19:43828096-43833102	4.29845	14.2254	0.560717	0.503703	0.41444	0.571055
chr2:35662390-35667249	4.29845	3.16121	1.40179	0.503703	0	0
chr3:175779542-175784719	4.29845	2.63434	0.560717	0	0	0.571055
chr3:75519457-75524483	4.29845	2.89777	6.44824	3.77777	1.65776	1.14211
chr4:133039747-133044635	4.29845	6.32242	0	1.00741	0.41444	1.14211
chr4:176382766-176387831	4.29845	10.8008	0	0.503703	0.41444	0
chr4:398312-402698	4.29845	3.42464	4.76609	3.77777	6.2166	6.85265
chr4:95214840-95219614	4.29845	1.84404	1.12143	0.503703	0.82888	0.856582
chr6:18754765-18759708	4.29845	18.177	0.560717	0.503703	0.41444	0.571055
chr7:32872631-32877484	4.29845	6.32242	16.2608	24.9333	18.2354	10.279
chr8:8038106-8039265	4.29845	49.2622	172.42	171.511	53.4627	0.571055
chr1:231965830-231970980	4.0456	3.16121	2.24287	5.79258	7.87436	19.9869
chr10:6839495-6844462	4.0456	0.526868	0	0	0	0
chr10:92055171-92060048	4.0456	0.790302	0	0.503703	0.41444	0
chr11:3502941-3506065	4.0456	13.962	16.5411	11.5852	2.48664	1.14211
chr12:8443213-8446335	4.0456	14.7523	43.4555	38.7851	8.70324	1.14211
chr17:32510642-32515583	4.0456	1.05374	0.560717	0	0	0
chr19:47896528-47901572	4.0456	5.53212	5.32681	3.27407	7.45992	2.85527
chr2:219039171-219044178	4.0456	0.526868	0	1.00741	1.0361	0
chr3:191789311-191794231	4.0456	3.68808	0.560717	0.503703	0	0
chr4:164014756-164018633	4.0456	7.90302	0.841075	0.503703	0.82888	1.14211
chr4:180325038-180330080	4.0456	1.05374	0	0	0	0
chr4:190401143-190406107	4.0456	0.526868	0	0	0	0
chr4:9640948-9645981	4.0456	4.74181	12.8965	8.05925	1.65776	1.14211
chr8:104014715-104016427	4.0456	1.31717	10.0929	10.0741	10.7754	10.279
chr8:12350911-12354098	4.0456	34.5099	88.5932	86.8888	31.4974	1.71316
chr8:91102885-91107662	4.0456	2.10747	0	0.251852	0.41444	0.856582
chr9:2276107-2281018	4.0456	5.00525	0.560717	0.251852	0	0.571055
chr1:144476622-144477862	3.79275	7.11272	3.64466	3.02222	1.45054	3.1408
chr15:100980814-100986005	3.79275	0.526868	0.560717	0.503703	0.41444	0.571055
chr19:9747117-9752410	3.79275	4.21495	8.97147	6.54814	5.1805	7.99476
chr2:238515840-238520885	3.79275	12.9083	6.44824	5.28888	4.55884	4.28291
chr3:932788-937682	3.79275	6.05898	0.560717	0	0.41444	0.571055
chr5:118283817-118287962	3.79275	18.4404	0.560717	0.755555	1.0361	0.856582
chr6:79295391-79297731	3.79275	0.526868	0.560717	0.251852	0.41444	0
chr6:95264086-95268876	3.79275	3.42464	0	0	0	0
chrX:97542855-97543785	3.79275	0.526868	0.560717	0	0.41444	0
chr10:88321446-88326057	3.5399	0.263434	0	0.503703	0.41444	0
chr11:121508510-121513816	3.5399	15.0157	1.68215	0.503703	0.62166	0.571055
chr12:103616901-103621881	3.5399	0.790302	0	0	0.41444	0
chr12:23659220-23664055	3.5399	0.790302	0.560717	0	0	0
chr13:78507767-78513112	3.5399	0.526868	0.841075	0	0.41444	0
chr14:74170473-74175487	3.5399	6.32242	4.20538	4.53333	4.1444	2.56975
chr17:73249134-73253935	3.5399	9.22019	3.3643	2.26666	2.48664	3.99738
chr2:57419868-57425389	3.5399	0.790302	0.560717	0	0	0.571055
chr2:64302300-64306996	3.5399	1.84404	0.280358	0	1.86498	0
chr3:145269424-145274297	3.5399	0.526868	0.560717	0	0.41444	0
chr3:38123975-38124665	3.5399	0.526868	0.841075	0.755555	0.41444	0.856582
chr4:179128687-179134085	3.5399	0.526868	0.560717	0.503703	0.82888	1.14211
chr5:124302782-124307517	3.5399	13.4351	3.92502	2.26666	0.41444	0.571055
chr5:12490434-12494159	3.5399	0.526868	0	0	0	0
chr6:141774363-141781427	3.5399	0.790302	0.560717	0.503703	0.41444	0
chr6:145244744-145249560	3.5399	0.526868	0	0.503703	0.41444	0
chr6:64660486-64666051	3.5399	0.526868	0.560717	0	0	0.571055
chr6:82055928-82060443	3.5399	1.5806	0.560717	1.00741	1.0361	0.856582
chr7:99321198-99327129	3.5399	2.89777	6.44824	5.28888	3.72996	5.42502
chr8:146179705-146184972	3.5399	1.31717	3.92502	3.27407	3.93718	3.42633
chr8:89754878-89759650	3.5399	2.10747	1.40179	1.00741	1.24332	0.571055
chr9:25288591-25293741	3.5399	0.526868	0	0	0	0
chrX:64581468-64585542	3.5399	10.0105	13.1768	10.5778	2.90108	3.99738
chr11:25508451-25512510	3.28705	0.526868	0	1.00741	0	0
chr11:81517610-81523310	3.28705	2.63434	0.280358	0	0	0
chr12:8433736-8434894	3.28705	5.26868	35.0448	30.9777	10.5682	0.571055
chr13:91492247-91496962	3.28705	0.526868	0	0.503703	0.41444	0
chr2:38308343-38313254	3.28705	8.42989	1.12143	1.25926	0.62166	0.571055
chr2:57456675-57461981	3.28705	0.526868	0	0	0	0
chr3:129868073-129871181	3.28705	11.0642	26.3537	19.6444	12.226	3.71185
chr5:160675828-160681613	3.28705	0.790302	0.560717	0	0	0
chr6:16886617-16891476	3.28705	1.05374	0	0	0	0
chr8:12339710-12340361	3.28705	4.74181	12.0554	16.3703	14.091	1.14211
chr8:8040332-8040983	3.28705	6.05898	11.7751	14.8592	3.93718	0
chr9:35151594-35156231	3.28705	1.5806	4.76609	3.77777	5.80216	6.2816
chr9:97302581-97307371	3.28705	1.84404	1.40179	1.25926	1.86498	1.14211
chrX:118452177-118457002	3.28705	3.16121	0.560717	1.00741	0.41444	0.571055
chr1:205840873-205843797	3.0342	6.84929	9.25183	14.6074	7.45992	25.4119
chr1:45787679-45787967	3.0342	5.26868	2.52323	6.29629	8.08158	4.56844
chr11:122699761-122703122	3.0342	1.05374	0.560717	0	0.41444	0.571055
chr11:14546239-14550174	3.0342	2.89777	4.76609	3.02222	2.90108	3.99738
chr11:63220564-63226528	3.0342	1.5806	0	0.251852	0	0
chr11:81736902-81741600	3.0342	1.5806	0	0	0	0
chr11:87776971-87782892	3.0342	10.5374	0.560717	0.503703	0.62166	0.285527
chr12:29287989-29293284	3.0342	2.37091	0.841075	0.503703	0.20722	0.571055
chr17:78374040-78381562	3.0342	2.37091	2.24287	2.01481	2.48664	2.85527
chr19:20198944-20207142	3.0342	2.63434	1.68215	1.51111	0.62166	0.571055
chr3:133149356-133153376	3.0342	0	0	0	0.20722	0
chr3:179233480-179243746	3.0342	4.74181	1.12143	0.503703	0.41444	0
chr3:70484234-70489153	3.0342	0.526868	0	0	0	0
chr4:177215791-177221149	3.0342	3.95151	0	0	0.20722	0.285527
chr7:148006918-148012295	3.0342	13.962	0.280358	0	0.20722	0.571055
chr7:26064259-26068988	3.0342	0.790302	0	0.503703	0	0
chr7:32878794-32882710	3.0342	8.69332	22.709	40.0444	18.2354	20.8435
chr7:34340183-34344743	3.0342	1.5806	1.12143	1.25926	0.82888	0.571055
chr7:6943833-6948213	3.0342	1.05374	1.68215	0.755555	1.0361	0
chr8:100956353-100961404	3.0342	0.526868	1.12143	0.503703	0	0
chr9:35003703-35008969	3.0342	2.89777	2.52323	2.01481	9.3249	14.8474
chr9:83624398-83629786	3.0342	0.790302	0	0.503703	0.41444	0
chrX:91528515-91533359	3.0342	1.31717	0.560717	0	0	0.571055
chrY:6007667-6012525	3.0342	0.526868	0	0	0	0
chr12:61345452-61350994	2.78135	0	0	0	0	0
chr13:87839112-87843952	2.78135	56.3749	1.96251	0.503703	0.41444	0
chr15:74646880-74651728	2.78135	321.916	3.64466	1.76296	1.86498	2.28422
chr16:86312141-86314446	2.78135	0.526868	0	0.503703	0	0
chr2:200112076-200116956	2.78135	0.790302	0	0	0	0
chr2:204827074-204831998	2.78135	0.526868	0	0	0	0
chr2:69670539-69676073	2.78135	12.118	3.3643	4.78518	2.90108	4.28291
chr2:71313938-71317674	2.78135	1.31717	0.560717	0.503703	1.45054	0.285527
chr2:71389242-71392292	2.78135	1.05374	0.280358	1.00741	0.62166	0.856582
chr3:186375961-186381080	2.78135	0.526868	0.560717	0.503703	0	0
chr4:139849391-139854295	2.78135	1.84404	1.40179	0.755555	1.24332	0.856582
chr5:81249482-81254643	2.78135	1.31717	0.560717	0.503703	0.41444	0
chr7:29825007-29831743	2.78135	0.790302	0.560717	0	0.41444	0.571055
chr8:8026598-8029782	2.78135	29.5046	119.713	115.6	36.0563	1.71316
chrX:37317682-37320112	2.78135	2.89777	2.80358	2.01481	2.48664	1.42764
chrY:4223884-4228821	2.78135	2.10747	0	0	0	0.571055
chr1:198004188-198009712	2.5285	0.526868	0.560717	0	0.82888	0
chr1:237096045-237100791	2.5285	0.526868	0.560717	0.503703	1.24332	1.42764
chr1:94299659-94302236	2.5285	1.84404	1.12143	2.01481	0.82888	2.56975
chr11:123736420-123741370	2.5285	3.42464	0.560717	0.503703	0.41444	0
chr11:68390669-68399817	2.5285	1.05374	0.560717	0.503703	0.41444	0.856582
chr14:21283107-21284686	2.5285	5.26868	1.68215	0.755555	0.41444	0
chr14:45964520-45968935	2.5285	0.526868	0.560717	0.503703	0.41444	0.285527
chr16:29429025-29429585	2.5285	3.68808	1.68215	2.26666	4.97328	3.42633
chr2:192995558-193000403	2.5285	1.05374	1.12143	0	0.41444	1.14211
chr2:193371218-193372514	2.5285	0.526868	0	0	0	0
chr2:70848031-70853140	2.5285	0.790302	0.560717	0.503703	0.41444	0.571055
chr2:78192696-78197546	2.5285	2.10747	0	0.503703	0	0
chr21:17352385-17357220	2.5285	0.263434	0.560717	1.00741	0.82888	0.571055
chr3:1282921-1286304	2.5285	0.526868	0.560717	1.00741	0.82888	0
chr3:44386518-44391518	2.5285	1.84404	2.24287	2.26666	2.90108	5.42502
chr3:46288216-46293096	2.5285	0.526868	0	0	0	0
chr3:8219130-8223992	2.5285	1.84404	1.12143	0.503703	0.41444	1.14211
chr4:140079526-140081209	2.5285	1.31717	1.96251	2.77037	2.90108	3.1408
chr4:89073880-89076525	2.5285	0.526868	0.560717	0.503703	0	0
chr5:135882449-135886417	2.5285	0.526868	3.08394	0	0.41444	0
chr5:703016-708189	2.5285	1.84404	1.68215	1.51111	2.27942	2.56975
chr5:7057710-7063445	2.5285	3.16121	0.841075	0	0.20722	0
chr6:130513857-130518964	2.5285	34.7733	0.841075	0.503703	0.41444	0
chr7:92108901-92114154	2.5285	3.68808	4.48573	6.29629	11.3971	10.5645
chr8:116827280-116831239	2.5285	0.526868	0	0	0	0
chr8:98840348-98844137	2.5285	8.16646	6.7286	5.79258	8.49602	8.28029
chr9:35642824-35643365	2.5285	3.68808	4.48573	5.79258	2.27942	3.99738
chrX:16235377-16239994	2.5285	5.00525	1.96251	1.76296	0.41444	0.285527
chr1:113352704-113357614	2.27565	27.3971	1.68215	1.00741	0.20722	0
chr1:12773284-12773731	2.27565	0	0	0	0	0
chr1:233819626-233824501	2.27565	3.16121	0.560717	0.503703	0	0.571055
chr1:35097989-35102315	2.27565	0.526868	0	0.503703	0.41444	0
chr1:38373873-38379449	2.27565	1.84404	1.40179	1.76296	1.45054	1.71316
chr1:53890440-53895271	2.27565	5.00525	0.560717	0.503703	0.41444	0
chr10:104965631-104972987	2.27565	2.63434	0.841075	1.00741	0.82888	0
chr13:104860347-104865769	2.27565	1.05374	0	0	0	0
chr13:91501277-91506082	2.27565	0	0	0	0	0
chr18:32936515-32941345	2.27565	7.63959	0.560717	1.00741	1.0361	0.571055
chr19:36750834-36755692	2.27565	2.10747	2.24287	1.76296	2.90108	2.28422
chr3:125582939-125587937	2.27565	5.79555	7.00896	4.02962	1.24332	1.14211
chr3:90132569-90135515	2.27565	72.1809	15.4197	2.51852	0.41444	0
chr3:97910308-97915259	2.27565	23.4456	1.68215	0	0.82888	0
chr4:131931500-131933076	2.27565	0.526868	0.560717	0.503703	0	0
chr4:156029880-156034936	2.27565	0.526868	0	0	0	0
chr6:114333449-114338876	2.27565	1.05374	1.40179	2.01481	1.45054	1.42764
chr7:112874957-112878892	2.27565	0.526868	0	0.503703	0	1.42764
chrX:115854692-115860263	2.27565	2.63434	0	0.503703	0	0
chrX:92079881-92083893	2.27565	0.526868	0	0.503703	0	0
chr1:53898670-53900476	2.0228	1.31717	0	0	0	0
chr1:94296303-94298584	2.0228	3.42464	2.24287	1.00741	0.82888	1.42764
chr11:4337376-4342682	2.0228	0.526868	0.841075	1.00741	0.20722	0.571055
chr12:61981263-61986337	2.0228	0.526868	0	0	0	0
chr13:109917869-109923031	2.0228	9.74706	1.40179	1.00741	0.82888	0
chr13:63787683-63792850	2.0228	0.526868	0	0.503703	0	0
chr14:31716036-31719875	2.0228	0	0.560717	0.503703	0	0
chr16:71741962-71742110	2.0228	0.790302	0.560717	0.755555	1.45054	0.571055
chr19:47553553-47558236	2.0228	1.05374	1.12143	0.755555	1.0361	0.571055
chr19:5847636-5849789	2.0228	1.05374	14.859	7.30369	20.5148	2.85527
chr2:152165996-152171312	2.0228	0.526868	0	0	0	0
chr2:192243389-192243637	2.0228	2.89777	3.92502	2.77037	4.97328	0.571055
chr2:78985705-78991023	2.0228	4.21495	0	0	0	0
chr21:29534163-29538816	2.0228	1.5806	2.80358	0.503703	0.82888	0.571055
chr22:35231015-35235599	2.0228	15.806	8.97147	3.52592	0.62166	0
chr3:164060377-164065226	2.0228	3.16121	0.560717	0	0	0
chr3:172873421-172878914	2.0228	2.63434	0	0.503703	0.41444	0.856582
chr3:190638401-190643199	2.0228	0.526868	0	0	0	0
chr3:44896974-44900870	2.0228	2.89777	4.20538	2.51852	1.24332	1.99869
chr4:11808369-11813203	2.0228	34.5099	10.0929	3.52592	2.48664	1.71316
chr4:12365893-12370902	2.0228	1.5806	0.560717	0.503703	0.41444	0.571055
chr4:71897637-71902551	2.0228	1.31717	0.560717	0.503703	0.82888	1.14211
chr4:90886345-90891227	2.0228	0.526868	0	0.251852	0	0
chr4:9096478-9099642	2.0228	3.16121	3.64466	4.28148	1.24332	0.285527
chr5:135637523-135642250	2.0228	2.63434	1.68215	0.503703	0	0
chr6:131724499-131729253	2.0228	1.31717	0	0.503703	0	0.285527
chr8:10428993-10434447	2.0228	1.05374	1.96251	0.503703	0.41444	0
chr8:138837285-138842407	2.0228	2.37091	1.40179	0.503703	0	0
chr9:21487735-21491043	2.0228	0.526868	0.560717	0.503703	0.20722	0
chr9:72019892-72024821	2.0228	2.10747	0.560717	1.00741	2.69386	1.14211
chrX:141511573-141516332	2.0228	1.5806	0	0.503703	0	0
chrX:63870975-63877046	2.0228	0.526868	0.560717	1.25926	0	0.571055
chr10:102944057-102948678	1.76995	0	0	0.503703	0.41444	0
chr10:35690946-35697221	1.76995	2.10747	1.68215	1.00741	2.90108	2.28422
chr11:117680828-117684611	1.76995	6.84929	5.32681	1.76296	3.72996	7.13818
chr11:3493605-3494758	1.76995	11.8545	18.5037	12.0889	5.38772	0.571055
chr11:67611475-67612628	1.76995	2.10747	2.80358	2.51852	1.24332	0.571055
chr11:67620956-67624080	1.76995	8.95676	10.934	5.03703	0.82888	0.856582
chr11:71448972-71452160	1.76995	21.3382	15.9804	14.3555	1.0361	0.571055
chr11:77792345-77797608	1.76995	5.53212	1.68215	2.26666	1.65776	0.571055
chr11:80833559-80838119	1.76995	0	0.560717	0	0.41444	0.571055
chr11:95043054-95050489	1.76995	0.526868	0.841075	0.503703	1.24332	0.571055
chr13:43634236-43635738	1.76995	42.6763	145.786	110.311	59.8866	108.5
chr14:102876840-102877625	1.76995	1.05374	1.40179	2.01481	2.48664	3.1408
chr14:46482060-46486897	1.76995	0.526868	0	0	0.41444	0.285527
chr14:73595529-73600369	1.76995	1.5806	1.12143	0.503703	1.86498	1.14211
chr16:30871199-30875985	1.76995	5.00525	5.88753	4.53333	4.35162	3.99738
chr16:60611709-60612621	1.76995	0	0	0	0	0
chr18:49096892-49101159	1.76995	4.47838	0	0	0	0
chr2:138441952-138445821	1.76995	0	0	0	0.41444	0
chr2:173406931-173409014	1.76995	1.84404	0.560717	1.25926	1.24332	0.571055
chr22:39462475-39464046	1.76995	0	0.280358	0.503703	2.48664	1.71316
chr3:107288393-107290557	1.76995	1.05374	1.12143	1.00741	0.62166	0.856582
chr3:155762985-155763127	1.76995	0.790302	0.841075	1.00741	0.62166	0
chr3:162430698-162435646	1.76995	13.4351	0	0	0	0
chr3:171294578-171299513	1.76995	0.526868	0.560717	0.503703	0	0.285527
chr3:21230915-21235294	1.76995	0.526868	0.280358	0	0	0
chr3:32502860-32507999	1.76995	3.68808	2.24287	1.00741	1.65776	0.856582
chr3:76583842-76586811	1.76995	0	0.560717	0	0	0
chr4:109631304-109635605	1.76995	0.526868	0	0.503703	0.41444	0
chr4:128432541-128437906	1.76995	9.22019	0.841075	1.00741	0.41444	0
chr4:167442252-167447181	1.76995	0.790302	0	0	0	0
chr4:20631802-20637189	1.76995	0.526868	0	1.00741	0.62166	0
chr4:54886677-54891283	1.76995	2.10747	4.76609	1.51111	2.0722	2.85527
chr5:161702845-161707754	1.76995	67.1757	8.41075	1.25926	0.41444	0
chr6:40829568-40835963	1.76995	3.16121	3.64466	2.51852	1.45054	2.56975
chr7:143234759-143239599	1.76995	0.526868	0	0.251852	0.41444	0
chr8:110313726-110319262	1.76995	0.790302	1.12143	0.503703	0.41444	0.571055
chr8:138421659-138425724	1.76995	1.05374	3.08394	1.25926	0	0
chr8:8916823-8922301	1.76995	35.0367	1.96251	0.503703	0.82888	0.856582
chr1:210284805-210289190	1.5171	7.90302	0.560717	0.503703	0.20722	0
chr1:248499419-248503997	1.5171	1.31717	0	0	0.41444	0.571055
chr1:80104850-80109765	1.5171	4.74181	0	0.503703	0	0
chr10:57731660-57738281	1.5171	1.84404	1.40179	0.503703	0.82888	1.99869
chr11:77261661-77266314	1.5171	0.790302	0.841075	0.503703	0.41444	0.571055
chr12:55336711-55341760	1.5171	9.48363	0	0	0.41444	0
chr13:61663001-61668163	1.5171	9.74706	1.12143	0.503703	0.20722	0.571055
chr13:98294969-98300060	1.5171	1.5806	0	0	0	0.571055
chr14:53595892-53601840	1.5171	2.63434	0.841075	1.25926	0.82888	0.571055
chr15:49991126-49996539	1.5171	1.5806	0.560717	0.503703	0.41444	0
chr15:87585199-87588337	1.5171	2.37091	0.841075	0.503703	0	0
chr16:47873073-47878475	1.5171	0.526868	0	0.503703	1.45054	0.285527
chr16:70245668-70246226	1.5171	2.10747	1.68215	1.51111	9.53212	1.71316
chr17:74602480-74607164	1.5171	42.6763	0.560717	1.00741	1.24332	0.571055
chr18:26273423-26278412	1.5171	1.05374	0	0	0.41444	0
chr18:40317405-40321909	1.5171	2.63434	0.560717	0.503703	0.41444	0.571055
chr19:21048249-21049341	1.5171	0.526868	0.560717	1.00741	0	0
chr2:155724238-155730623	1.5171	1.05374	0	0.503703	0	1.14211
chr2:209764838-209769796	1.5171	0.526868	1.68215	1.00741	0	0
chr2:224053840-224059817	1.5171	1.5806	1.12143	0.503703	0	0.571055
chr2:34919989-34927639	1.5171	0.526868	0.560717	0.503703	0.62166	0.571055
chr20:19733120-19736989	1.5171	1.5806	5.32681	7.05184	7.45992	5.99607
chr3:106642013-106646827	1.5171	1.05374	0.841075	0.755555	3.31552	3.42633
chr3:128548612-128553354	1.5171	2.37091	3.3643	7.30369	2.48664	0.856582
chr3:170390376-170395637	1.5171	0.526868	0.280358	0	0.20722	0
chr3:27591493-27594862	1.5171	0	0	0	0	0
chr3:32837218-32837952	1.5171	1.31717	1.12143	1.51111	0.62166	0.571055
chr3:57338292-57343143	1.5171	0.790302	0.560717	0.503703	0.82888	0.571055
chr3:78630815-78631600	1.5171	0.526868	0	0.503703	0.20722	0.571055
chr3:96991707-96995998	1.5171	2.37091	0.280358	0.503703	0	0
chr4:129562458-129567352	1.5171	1.05374	0	0.503703	0	0.571055
chr4:95304471-95310016	1.5171	0.790302	0.560717	0	0.41444	0.571055
chr5:97424137-97424483	1.5171	0.526868	0.560717	0	0	0
chr6:125214527-125218475	1.5171	0.526868	0.560717	0	0.41444	0.571055
chr6:62310541-62315728	1.5171	0.526868	4.20538	2.01481	1.45054	0.571055
chr6:81192947-81197423	1.5171	1.31717	0.560717	0.755555	1.24332	0.571055
chr6:82054080-82054682	1.5171	1.5806	0.560717	1.00741	0.82888	0.856582
chr7:119649685-119654445	1.5171	0	0	0	0	0
chr7:9497779-9503396	1.5171	0.526868	0	0	0	0
chr8:136779865-136784822	1.5171	0	0	0.503703	0.41444	0
chr8:72577263-72582321	1.5171	1.05374	0.560717	0.503703	0	0
chr8:7260264-7265243	1.5171	0.526868	0	0	0	0
chr9:130175941-130177837	1.5171	2.89777	3.08394	1.76296	2.27942	2.28422
chr9:80796020-80801324	1.5171	0.526868	1.40179	1.00741	1.0361	0.571055
chrX:102684381-102689965	1.5171	5.79555	0.560717	1.51111	0.41444	0.571055
chrX:28521138-28525578	1.5171	0.526868	0	0	0.20722	0
chrX:28910691-28915828	1.5171	1.05374	0.560717	0.503703	1.0361	1.71316
chr1:169652620-169657455	1.26425	0	0.560717	0.503703	0	0.571055
chr1:178009808-178014600	1.26425	0.526868	0	0.503703	0.62166	0
chr10:118240597-118245621	1.26425	3.16121	0	1.00741	0.41444	0
chr10:20408532-20413460	1.26425	1.5806	0.560717	1.00741	0.41444	0.571055
chr10:27754691-27759415	1.26425	6.32242	2.52323	0.503703	0	0
chr10:81723663-81725300	1.26425	2.37091	5.60717	7.55555	4.35162	2.28422
chr10:88623843-88624807	1.26425	1.05374	0.841075	1.00741	1.45054	1.14211
chr11:3669538-3674457	1.26425	1.05374	1.68215	1.76296	1.65776	0.571055
chr11:67527568-67532425	1.26425	2.63434	6.16788	13.3481	4.76606	1.99869
chr11:83130590-83134184	1.26425	2.10747	0.841075	0.755555	0.82888	1.14211
chr12:17873582-17877946	1.26425	0.526868	0	0	0	0
chr12:87332911-87338091	1.26425	0	0	0	0	0.571055
chr13:84482864-84487545	1.26425	0.526868	0	0	0	0
chr14:86199186-86204531	1.26425	2.10747	0.560717	0	0	0
chr15:37528829-37533451	1.26425	0	0	0	0	0
chr15:88374788-88379803	1.26425	0.526868	0	0	0.20722	0
chr16:7865098-7869991	1.26425	0.526868	0	0	0	0
chr18:62349368-62354157	1.26425	0	0	0.503703	0	0
chr19:22041312-22046635	1.26425	0	0	0.503703	0.20722	0
chr19:28922529-28926256	1.26425	1.05374	0.280358	0	0	0.285527
chr2:143247644-143252511	1.26425	0.526868	0	0	0	0
chr2:194995837-195000866	1.26425	0	0	0.503703	0	0.571055
chr2:36039115-36043438	1.26425	1.05374	0	0	0	0
chr2:47810312-47818202	1.26425	2.37091	1.12143	1.00741	0.82888	1.14211
chr2:79438883-79444432	1.26425	5.53212	1.96251	0.755555	0	0
chr20:44213293-44216780	1.26425	2.10747	3.92502	5.54073	0.41444	0
chr3:140924150-140930165	1.26425	4.47838	3.92502	5.79258	2.90108	0.856582
chr3:32109420-32117267	1.26425	0	0.280358	0.503703	0.41444	0.856582
chr4:116897262-116902030	1.26425	3.68808	0	0.503703	0.41444	0
chr4:155839883-155845304	1.26425	0.526868	0	0	0.41444	0.571055
chr5:123639924-123644755	1.26425	1.05374	1.96251	6.79999	2.69386	3.1408
chr5:130907856-130914619	1.26425	1.5806	1.40179	1.25926	2.27942	1.99869
chr5:170428039-170432148	1.26425	0.790302	0.841075	1.00741	0.62166	0
chr6:78368179-78375714	1.26425	1.5806	1.68215	0.503703	0.82888	0.571055
chr6:81219921-81225107	1.26425	0.263434	0	0	0.41444	0.571055
chr7:141278275-141283840	1.26425	0.790302	1.68215	1.00741	0.82888	0.571055
chr7:31506874-31511588	1.26425	1.5806	0	0	0	0
chr9:2510119-2515498	1.26425	0.526868	0.560717	0.755555	0.62166	1.14211
chr9:35020804-35024667	1.26425	4.47838	2.80358	3.77777	10.361	5.99607
chr9:35637339-35639022	1.26425	1.31717	2.24287	1.76296	1.45054	1.14211
chr9:88494532-88499557	1.26425	1.84404	5.04645	5.79258	6.63104	9.99346
chrX:125997494-126002563	1.26425	0.526868	0.560717	0	0.20722	0
chrX:148397608-148401885	1.26425	1.5806	1.68215	0	0.41444	0
chrX:64349569-64354592	1.26425	1.31717	0.560717	0.755555	0.62166	1.14211
chr1:102063183-102068647	1.0114	0	0	0	0	0
chr1:104923166-104930827	1.0114	0	0	0	0	0
chr1:163561497-163565921	1.0114	5.00525	0	0	0.41444	0.571055
chr1:192947841-192949305	1.0114	2.10747	1.12143	1.51111	1.0361	1.14211
chr1:225073492-225080950	1.0114	0.526868	0.560717	0.503703	0.20722	0
chr1:83421412-83426867	1.0114	0.526868	0	0.503703	0.41444	0
chr10:107487762-107493176	1.0114	1.05374	0	0	0	0
chr10:111322623-111327593	1.0114	0.526868	0.280358	0	0	0
chr10:17672035-17674053	1.0114	1.05374	0.560717	0.503703	0.82888	1.14211
chr10:93061459-93066676	1.0114	0.526868	1.12143	3.77777	4.1444	3.1408
chr11:127639213-127644393	1.0114	2.10747	1.40179	0	0	0
chr11:3491883-3492539	1.0114	2.10747	1.40179	1.76296	0.82888	0.571055
chr11:49342501-49348023	1.0114	0.526868	0	0	0	0
chr11:6387671-6392479	1.0114	2.10747	1.68215	4.78518	2.69386	4.28291
chr11:67609773-67610407	1.0114	0.790302	0.560717	1.00741	0.62166	0.571055
chr11:71460472-71461627	1.0114	8.69332	8.97147	6.54814	1.24332	0.571055
chr11:89114840-89120360	1.0114	0.790302	0.560717	0.755555	0.20722	0.571055
chr12:10115442-10120866	1.0114	0	0	0	0	0
chr12:114493978-114500764	1.0114	0.526868	3.3643	1.00741	0.41444	0.571055
chr12:29427890-29427983	1.0114	0.526868	0.560717	1.51111	0.41444	0
chr12:59495858-59500861	1.0114	1.05374	0.560717	0.503703	0.41444	0.285527
chr12:63152982-63154537	1.0114	0.526868	0.560717	0.503703	0.41444	0.571055
chr13:38543545-38548534	1.0114	1.5806	1.12143	2.01481	1.24332	2.56975
chr13:82440641-82446145	1.0114	1.05374	0	0	0	0
chr14:102706660-102711739	1.0114	6.32242	36.4466	14.6074	3.1083	4.56844
chr14:61600360-61605472	1.0114	2.37091	0.560717	1.00741	0.82888	1.42764
chr14:76047271-76052413	1.0114	1.05374	0.560717	1.25926	0.62166	0.285527
chr14:82527657-82532125	1.0114	0.526868	0.560717	0	0	0
chr15:43177383-43182157	1.0114	0.526868	0.560717	0.755555	0.82888	0.571055
chr16:10377409-10380558	1.0114	8.16646	6.7286	2.26666	1.65776	0
chr17:53545537-53551150	1.0114	0.790302	0.841075	0.503703	0	0
chr17:75915130-75915325	1.0114	1.05374	1.12143	0	0	0
chr18:28864563-28869487	1.0114	1.84404	0	0.503703	0	0
chr19:55634590-55640523	1.0114	2.37091	0.560717	0.755555	0.82888	1.71316
chr19:5852541-5857209	1.0114	0.526868	13.1768	9.82221	24.0375	2.85527
chr19:9652565-9658323	1.0114	0.790302	1.12143	0.755555	0.62166	0
chr2:117888572-117892288	1.0114	1.31717	2.52323	1.51111	0.41444	0.571055
chr2:13304343-13309386	1.0114	0.526868	0	0.503703	0	0
chr2:150969685-150974623	1.0114	2.37091	0.560717	0.503703	0	0.285527
chr2:20282779-20287452	1.0114	0.526868	0.560717	0.503703	0	0
chr2:35026474-35031377	1.0114	0.526868	0.560717	0	0	0
chr2:45262027-45266895	1.0114	2.10747	0	0.503703	0.82888	0.571055
chr2:54734432-54736679	1.0114	0.790302	0.560717	2.51852	1.0361	1.14211
chr20:1708297-1713783	1.0114	0	1.96251	1.25926	3.72996	1.99869
chr20:43299332-43304948	1.0114	1.05374	1.68215	0.503703	0.41444	0.571055
chr20:877872-881868	1.0114	1.05374	1.68215	0.755555	0.41444	0
chr21:27228147-27228631	1.0114	0.526868	0	0	0.41444	0.571055
chr3:128555357-128560437	1.0114	1.5806	1.68215	2.01481	2.27942	1.14211
chr3:137314892-137319583	1.0114	1.05374	0	0.503703	0.41444	0
chr3:147869746-147874718	1.0114	0.526868	0	0	0	0
chr3:162441041-162445017	1.0114	4.21495	0	0	0	0
chr3:21419805-21424036	1.0114	0.790302	0.280358	0.503703	0	0.571055
chr3:44392751-44392802	1.0114	1.84404	1.40179	1.51111	2.48664	2.85527
chr3:46429616-46434454	1.0114	0	0.560717	0.503703	0.41444	0
chr3:6439729-6444762	1.0114	0.790302	0.280358	0	0	0.571055
chr4:104862882-104867749	1.0114	4.74181	0	0	0	0
chr4:11655591-11660480	1.0114	0.526868	1.40179	0.755555	1.0361	0.571055
chr4:186965578-186970426	1.0114	0.526868	0	0.251852	0.20722	0
chr4:68897029-68902919	1.0114	2.10747	2.80358	1.76296	1.86498	4.28291
chr4:92947393-92951843	1.0114	0.526868	0.560717	0	0	0
chr5:103367821-103372605	1.0114	0.263434	0	0	0	0
chr5:107903776-107909806	1.0114	0.526868	0.841075	1.00741	0.62166	1.42764
chr5:162761739-162767228	1.0114	0.790302	0.560717	0.503703	0.41444	1.71316
chr5:167999752-168000055	1.0114	1.5806	1.96251	1.76296	1.65776	0.856582
chr5:170433766-170435417	1.0114	0.526868	1.12143	0.503703	0.41444	0.285527
chr5:74178986-74179655	1.0114	0.526868	0.841075	0	0	0
chr5:95502531-95507662	1.0114	6.32242	0	0.503703	0.82888	1.14211
chr5:97415786-97420618	1.0114	0.526868	0	0.251852	0	0.571055
chr6:146772037-146777171	1.0114	0.526868	0	0	0.41444	0
chr6:169078775-169079799	1.0114	0	0.841075	0.503703	0	0
chr6:19539692-19544642	1.0114	0.526868	0.280358	1.76296	1.0361	0.285527
chr6:3167538-3170818	1.0114	2.37091	1.96251	1.25926	2.0722	1.14211
chr6:39088907-39090310	1.0114	0.526868	0	0.503703	0	0
chr6:55875536-55881183	1.0114	0.526868	0.560717	0	0	0.571055
chr6:63296287-63301233	1.0114	1.05374	0	0	0	0
chr6:87308368-87313209	1.0114	1.31717	0.560717	0.503703	0.41444	0
chr7:138014432-138018844	1.0114	0	0	0	0	0
chr7:142802598-142807217	1.0114	0.526868	1.12143	0.503703	1.0361	1.42764
chr7:20586734-20590910	1.0114	0.526868	0.280358	0.503703	0	0.285527
chr7:22953448-22958171	1.0114	1.31717	1.12143	1.76296	2.0722	1.42764
chr8:7761393-7766373	1.0114	1.31717	0	0	0	0
chr8:82810630-82815800	1.0114	8.95676	1.12143	1.00741	0.82888	0.571055
chr8:85975475-85980980	1.0114	0.526868	0.280358	0.503703	0.41444	0
chr9:128837126-128842294	1.0114	0.526868	0.560717	0	0	0
chr9:31326754-31334247	1.0114	0.526868	0	0.503703	0	0
chr9:32164831-32169197	1.0114	0	0.560717	0.251852	0	0
chr9:3811302-3816364	1.0114	1.84404	0.560717	0.503703	0.41444	0.856582
chrX:120478170-120482118	1.0114	1.5806	1.12143	0.503703	0	0.571055
chrX:31396290-31401034	1.0114	8.16646	0.841075	0.503703	1.0361	1.71316
chrX:3476769-3477768	1.0114	0.526868	0.560717	0.503703	0.41444	0.571055
chrX:72747961-72753384	1.0114	0.790302	0.560717	0.251852	0.82888	0.571055
chrX:73341829-73350032	1.0114	2.10747	2.24287	2.51852	2.69386	1.99869
chrY:14671532-14676902	1.0114	0	0	0	0	0
chrY:7369065-7374753	1.0114	0	0	0	0	0
chr1:109016018-109020854	0.758549	1.5806	0	0	0	0
chr1:149619664-149620907	0.758549	0	0	0	0	0
chr1:173092967-173093568	0.758549	1.84404	1.40179	1.76296	0.82888	1.99869
chr10:32423015-32427391	0.758549	1.05374	0	0	0	1.14211
chr10:91044875-91050256	0.758549	19.7576	2.80358	4.28148	1.65776	4.85396
chr11:133497082-133502191	0.758549	0	0	0	0	0
chr11:4240973-4246098	0.758549	0.263434	0.560717	0.503703	0.41444	0.571055
chr11:71462695-71463346	0.758549	4.74181	5.32681	2.77037	1.24332	0.571055
chr12:30209426-30214988	0.758549	2.63434	1.68215	0.503703	0.41444	0
chr12:34418979-34426692	0.758549	0	0	0	0	0
chr16:22510620-22511180	0.758549	0.263434	0	0.503703	0.41444	0.285527
chr17:53552459-53553439	0.758549	0.526868	0.560717	0.755555	0	0
chr18:40132797-40137655	0.758549	0.526868	0	0.503703	0.20722	0.571055
chr18:40571934-40576363	0.758549	0.526868	0	0	0	0.571055
chr2:116941740-116946873	0.758549	0.526868	0.841075	1.00741	0.41444	0
chr2:155439559-155443701	0.758549	0.263434	0	0	0	0.571055
chr2:158197551-158201517	0.758549	0.526868	0.560717	0.503703	0	0
chr20:18498195-18503288	0.758549	1.31717	1.12143	1.25926	1.65776	0.856582
chr3:129856882-129857531	0.758549	1.5806	5.04645	1.76296	0.41444	0.856582
chr3:129858599-129859754	0.758549	1.5806	5.04645	1.76296	0.82888	0.571055
chr3:167140633-167154516	0.758549	3.95151	0	0	1.0361	0.571055
chr3:37247332-37251005	0.758549	1.05374	5.32681	4.78518	9.94656	7.99476
chr3:86586650-86592750	0.758549	0.526868	0	0	0	0
chr3:93657286-93662526	0.758549	1.05374	1.96251	2.26666	2.0722	3.42633
chr4:393789-397040	0.758549	1.84404	1.40179	1.25926	0.82888	1.99869
chr4:4002216-4007139	0.758549	1.84404	2.24287	1.51111	1.0361	0.285527
chr4:89265314-89269931	0.758549	0.790302	0	1.00741	0.41444	0.571055
chr5:126003528-126010652	0.758549	0.526868	0	0	0	0
chr5:128067037-128071260	0.758549	0.526868	0	0.251852	0.41444	0.571055
chr5:130916277-130917400	0.758549	1.05374	0.560717	0.503703	1.24332	1.14211
chr5:166167453-166171253	0.758549	8.95676	0	0	0	0
chr5:43329138-43333092	0.758549	0.526868	0.560717	0	0.41444	0.571055
chr5:7055551-7056353	0.758549	1.5806	0	0	0	0
chr6:102741035-102744770	0.758549	0	0	0	0	0
chr6:160650083-160654957	0.758549	5.79555	0	0	0	0
chr7:30519568-30524534	0.758549	1.05374	1.40179	1.00741	1.86498	1.14211
chr7:6988230-6990039	0.758549	2.63434	3.08394	1.76296	0.41444	0
chr8:132753400-132758471	0.758549	0.526868	0	0.251852	0	0
chr8:132832664-132836942	0.758549	0	0	0.251852	0	0
chr8:99602548-99602849	0.758549	0.790302	0.560717	1.25926	1.0361	1.42764
chr9:77966472-77972077	0.758549	0.526868	0	0	0.41444	0
chrX:129411709-129413801	0.758549	0.526868	0	0	0	0
chrX:17463829-17464425	0.758549	0.790302	0.560717	0.503703	0	0
chr1:105139159-105145012	0.505699	0.526868	0	0	0	0
chr1:110269795-110269859	0.505699	0.526868	1.96251	1.51111	7.45992	1.99869
chr1:210361365-210368645	0.505699	0	0.560717	0	0	0
chr1:213017152-213019724	0.505699	0.526868	1.12143	0.755555	0.62166	0.571055
chr1:228812738-228818099	0.505699	0.526868	0.560717	0	0.41444	0.571055
chr1:23324405-23330484	0.505699	0.526868	0.560717	0.503703	0	0
chr1:30676912-30681576	0.505699	1.05374	0	0	0	0
chr1:4241056-4247537	0.505699	0.526868	0.560717	0	0	0
chr1:45782020-45786155	0.505699	2.10747	1.12143	1.51111	2.48664	1.42764
chr1:55373314-55376530	0.505699	1.05374	0	0.503703	0.62166	0.285527
chr1:82820648-82825841	0.505699	7.63959	0.560717	0.503703	0	0.285527
chr1:84524096-84524598	0.505699	0.526868	0.560717	0.503703	0.41444	1.14211
chr1:95032420-95037937	0.505699	2.89777	0	0.503703	0	0
chr10:101020087-101024753	0.505699	0.526868	0.560717	0.503703	0	0.571055
chr10:26005763-26011445	0.505699	3.68808	0	0	0	0
chr10:3037745-3040265	0.505699	0.526868	0	0	0	0
chr10:46067018-46071149	0.505699	0.526868	0.560717	1.00741	0.41444	0
chr10:99322605-99324053	0.505699	1.05374	1.40179	1.51111	1.24332	1.14211
chr11:110922812-110926421	0.505699	0.526868	1.12143	0.503703	0	0
chr11:18665230-18670590	0.505699	0.263434	0.560717	0	0.41444	0
chr11:29727655-29728875	0.505699	0	0	0	0	0
chr11:29995343-29998877	0.505699	0.526868	0	0.503703	2.90108	0.571055
chr11:94752977-94757750	0.505699	0	0	0	0.41444	0.571055
chr12:110843265-110848505	0.505699	2.37091	0.560717	0.503703	0.62166	0.571055
chr12:127638199-127642065	0.505699	1.05374	0.560717	0.503703	0.62166	0
chr12:133466557-133474634	0.505699	1.05374	1.12143	0.755555	0.82888	0.571055
chr12:18349094-18356165	0.505699	0.526868	0	0	0	0
chr12:25316560-25322039	0.505699	0.526868	0.560717	0	0.41444	0.571055
chr12:46425700-46430361	0.505699	0.526868	0.560717	0.503703	0.41444	0
chr12:46715481-46720120	0.505699	0	0	0	0	0
chr12:48505126-48509008	0.505699	0.526868	1.12143	1.00741	0.82888	0.571055
chr12:70525467-70526576	0.505699	1.05374	0.841075	0.503703	0.41444	0.571055
chr12:73396044-73401094	0.505699	1.31717	0.560717	0	0.41444	0
chr12:82369388-82370233	0.505699	1.05374	0	0	0	0
chr12:8432017-8432663	0.505699	1.5806	2.24287	1.76296	1.24332	0.571055
chr12:88301462-88306263	0.505699	0	0.560717	0	0	0
chr13:53531978-53534092	0.505699	0.526868	0.280358	0	0	0
chr14:101771989-101777183	0.505699	28.9777	0.560717	0	0	0
chr14:47821350-47821658	0.505699	0.263434	0	0	0	0
chr14:78067918-78068447	0.505699	0.526868	0.841075	0.503703	0	0
chr14:93226550-93229886	0.505699	0	0	0	0	0
chr14:94026185-94030917	0.505699	0.526868	0.560717	0.251852	0.62166	1.14211
chr14:98913542-98918550	0.505699	0.790302	0	0	0	0
chr15:41424014-41429633	0.505699	1.05374	1.40179	0.503703	0.82888	0
chr15:44269923-44270063	0.505699	0	0	0	0	0.571055
chr15:56010119-56010617	0.505699	3.16121	2.24287	1.51111	0.82888	0
chr15:90676719-90681145	0.505699	0	1.12143	2.77037	3.52274	4.28291
chr16:10386710-10388689	0.505699	1.5806	0.560717	0.503703	0.20722	0
chr16:19002303-19002859	0.505699	1.05374	1.12143	0.755555	0.41444	0
chr16:19004377-19008519	0.505699	0.790302	0.560717	1.00741	0.41444	0.571055
chr16:21450364-21450924	0.505699	0.263434	0.560717	0.503703	0	0
chr16:63013531-63019005	0.505699	0	0.560717	0	0.41444	0
chr18:32796376-32802073	0.505699	11.3277	0.560717	0.503703	0.41444	0.571055
chr18:40042193-40049286	0.505699	0.790302	0.560717	0.503703	0.62166	0.285527
chr19:23732709-23737434	0.505699	0.526868	0	0	0.41444	0
chr19:42951513-42954318	0.505699	0.526868	0.560717	1.00741	0.82888	0.856582
chr19:46606012-46612341	0.505699	0.526868	0	0.503703	0.82888	0.285527
chr19:53258794-53259717	0.505699	1.05374	1.68215	1.00741	1.0361	0.571055
chr19:9660029-9660801	0.505699	0.526868	0.560717	0.503703	0.41444	0
chr2:110975909-110976771	0.505699	0	0	0.251852	0	0
chr2:148975431-148975522	0.505699	0.790302	0	0.503703	0.41444	0
chr2:183909209-183914004	0.505699	3.16121	0.560717	0.251852	0.82888	0.571055
chr2:209758893-209759262	0.505699	0	1.96251	0.755555	0.41444	0
chr2:212126906-212132003	0.505699	0.526868	0.841075	0.503703	0	0.571055
chr2:232295773-232297105	0.505699	0	0.560717	0	0.41444	0
chr2:234124198-234126339	0.505699	0.263434	0	0.503703	0.41444	0
chr2:37608566-37612662	0.505699	1.05374	0	0	0.41444	0
chr2:41605403-41612427	0.505699	0	0.560717	0.251852	2.27942	0
chr2:52250121-52254322	0.505699	0.526868	0	0	0.82888	0
chr20:15128691-15133795	0.505699	0.526868	0	0	0.41444	0
chr20:37221447-37227028	0.505699	0.790302	0.560717	0.503703	0	0.571055
chr21:17764875-17770043	0.505699	0	10.3733	45.5851	16.7848	1.99869
chr21:18264933-18270156	0.505699	0.790302	0.280358	0.503703	0.20722	0
chr21:18494211-18499665	0.505699	0.263434	0.280358	0	0	0
chr3:131228496-131233006	0.505699	0.790302	0	0.503703	0.82888	0
chr3:135936744-135942126	0.505699	0	0	0	0.82888	0
chr3:141411186-141415134	0.505699	10.2739	0.560717	0.503703	0.41444	0
chr3:143516783-143524318	0.505699	3.95151	0	0	0	0
chr3:146072015-146076849	0.505699	2.10747	0	0	0	0
chr3:146080284-146085352	0.505699	3.68808	0	0	0	0
chr3:166218791-166223805	0.505699	0.526868	0.560717	0	0	0
chr3:177925618-177932034	0.505699	2.10747	0	0.503703	0.41444	0.571055
chr3:185092024-185097388	0.505699	0.263434	0.560717	0.503703	1.24332	0.571055
chr3:191646198-191646784	0.505699	2.10747	0	0	0	0
chr3:26199553-26206961	0.505699	0	0	0	0	0
chr3:48760687-48767233	0.505699	0.263434	0.560717	0.503703	0.41444	0.571055
chr3:51790282-51790682	0.505699	0	0	0	0	0
chr3:58578097-58580995	0.505699	0.526868	0.560717	0	0.41444	1.14211
chr3:80435277-80440223	0.505699	0	0.560717	0.503703	0.41444	1.14211
chr3:90120694-90122040	0.505699	10.5374	1.12143	0.755555	0	0
chr4:108212167-108216630	0.505699	0	0	0	0	0
chr4:123932657-123934103	0.505699	0.526868	0	0.755555	0.41444	0
chr4:127066771-127071268	0.505699	0.263434	0	0	0	0
chr4:134452646-134455359	0.505699	0.526868	0	0	0	0
chr4:141135428-141139947	0.505699	1.05374	0.560717	0.503703	0.41444	0.571055
chr4:154978106-154984541	0.505699	0.526868	0	0.503703	0	0
chr4:19018386-19018693	0.505699	2.89777	0.280358	0.755555	0	0
chr4:27976925-27979131	0.505699	0.526868	0	0.503703	0.41444	0
chr4:27980523-27982585	0.505699	0.526868	0	0	0	0
chr5:114986904-114990343	0.505699	0	0	0	0.41444	0
chr5:121953036-121959615	0.505699	0.526868	0	0	0	0
chr5:128006263-128006594	0.505699	0	0	0.503703	0.82888	0.571055
chr5:135067073-135072776	0.505699	79.8205	9.25183	3.02222	0.41444	0.571055
chr5:136073123-136074931	0.505699	0.526868	1.12143	0.755555	0.41444	0.571055
chr5:143304936-143305895	0.505699	0	0	0	0	0
chr5:160667384-160672811	0.505699	0.263434	0.841075	0	0.41444	0
chr5:22095172-22100248	0.505699	0	0	0	0	0.571055
chr5:28047237-28051943	0.505699	0	0.560717	0	0	0.571055
chr5:43786962-43791694	0.505699	0	0	0	0	0
chr5:76176254-76182412	0.505699	1.05374	1.12143	3.52592	1.24332	0.571055
chr5:9007899-9009669	0.505699	0	0	0	0	0
chr5:98346962-98352225	0.505699	1.31717	2.24287	1.76296	1.86498	1.42764
chr6:123878409-123883082	0.505699	1.31717	0.841075	1.00741	1.45054	2.85527
chr6:159301841-159309783	0.505699	0.526868	3.92502	2.77037	2.48664	2.56975
chr6:29213692-29220143	0.505699	0	0	0.503703	0	0
chr6:33313686-33319193	0.505699	0.526868	0.560717	0.503703	0	0.285527
chr6:51803488-51808780	0.505699	1.05374	0.560717	0.503703	0	0
chr6:63501932-63506946	0.505699	2.89777	1.68215	0	0.41444	0
chr6:72458508-72463361	0.505699	0.526868	0	0	0	0
chr7:109282198-109287220	0.505699	0.526868	0.841075	0.503703	0.41444	0.285527
chr7:138049444-138052611	0.505699	0	0	0	0	0
chr7:17454129-17459957	0.505699	0.263434	0	0.503703	0.82888	0.571055
chr7:6998376-7001541	0.505699	3.42464	2.80358	1.76296	0.41444	0.571055
chr7:76969686-76974766	0.505699	1.05374	1.40179	1.51111	1.65776	1.99869
chr8:129927116-129932153	0.505699	0	0	0.503703	0	0
chr8:27730685-27730870	0.505699	0.526868	0	0	0	0
chr8:61218361-61224129	0.505699	0	0.841075	0.503703	0.41444	1.42764
chr8:64060355-64065823	0.505699	0.526868	0	0	0.41444	0.571055
chr8:9660853-9666440	0.505699	1.05374	0.560717	0.503703	0.41444	0.571055
chr9:10885378-10890312	0.505699	0.526868	0	0	0	0
chr9:125293284-125298022	0.505699	0.526868	0	0.503703	0.41444	0
chr9:134423009-134426915	0.505699	1.84404	0	0.503703	0.41444	0.571055
chr9:22658925-22663656	0.505699	0.526868	0	0	0.41444	0
chr9:45714725-45716789	0.505699	0	0	0	0.41444	0
chr9:89201748-89203500	0.505699	1.05374	0.560717	0.503703	0.41444	0
chrX:115127321-115130549	0.505699	0.526868	0.560717	0.503703	0.41444	0.571055
chrX:115463536-115467578	0.505699	0.526868	0	0	0	0
chrX:146213594-146215886	0.505699	0.526868	0	0.503703	0	0
chrX:50466657-50467200	0.505699	0.526868	0.560717	0.503703	0.82888	0
chrX:73028032-73028853	0.505699	1.5806	0	0	0.20722	0.285527
chrX:74852020-74857116	0.505699	0.790302	1.40179	1.25926	1.45054	0.571055
chrY:17624600-17629552	0.505699	0	0	0	0	0
chrY:21580910-21589125	0.505699	0	0.560717	0	0	0
chrY:9885131-9890976	0.505699	0	0	0	0	0
chr10:105280398-105281570	0.25285	0	0	0	0.41444	0.285527
chr11:127413002-127417961	0.25285	0.526868	0	0.503703	0	0
chr11:69904000-69907526	0.25285	0.526868	0.560717	0.503703	0	0
chr12:17623247-17627580	0.25285	0	0	0	0	0
chr12:73218578-73220163	0.25285	0.526868	0	0	0	0
chr14:87198342-87202994	0.25285	0.526868	0	0	0	0
chr17:19792195-19796792	0.25285	0.790302	0	0.503703	0.62166	0.571055
chr18:29580909-29585897	0.25285	0.526868	0	0	0.41444	0.571055
chr19:35005401-35008630	0.25285	0.526868	1.12143	0.503703	0.41444	0.571055
chr2:151810254-151819444	0.25285	0.790302	0	0	0	0
chr2:189029447-189030621	0.25285	2.10747	0	0	0.41444	0
chr2:215955029-215960389	0.25285	0.263434	0	0	0.41444	0
chr2:224952467-224957822	0.25285	1.5806	0.560717	0	0	0
chr2:3863521-3868539	0.25285	0	0	0.503703	0	0
chr3:125966614-125967533	0.25285	1.31717	0.280358	1.00741	0	0.571055
chr3:46368665-46373908	0.25285	0	0	0	0.20722	0
chr4:101913248-101918233	0.25285	6.05898	0	0.503703	0.41444	0
chr4:167630211-167631180	0.25285	0	0	0	0	0
chr5:143991322-143996051	0.25285	0.526868	0.560717	0.503703	0.41444	0.571055
chr5:43321867-43322932	0.25285	0	0	0.503703	0	0
chr5:97770658-97776288	0.25285	0	0.560717	0	0	0
chr6:161198261-161201709	0.25285	0	0	0	0	0
chr6:63715790-63720944	0.25285	0.526868	0	0	0	0.285527
chr7:12699845-12704754	0.25285	0	0	0	0	0.571055
chrX:108152661-108153230	0.25285	0	0	0	0	0
chrX:126362055-126366612	0.25285	0.526868	0.280358	0.503703	0.41444	0
chr1:116052168-116057649	0	0	0	0.503703	0	0.285527
chr1:117405433-117410666	0	0	0	0.503703	0.41444	0.571055
chr1:13887723-13893602	0	0.526868	0	0	0	0
chr1:143542083-143542208	0	0	0	0	0	0
chr1:144296390-144297633	0	0.263434	0	0	0	0
chr1:186871437-186871695	0	0	0.560717	0	0.41444	0
chr1:20367939-20372275	0	0	0.280358	0	0	0
chr1:222121592-222125444	0	0.526868	0	0	0	0
chr1:227021645-227025670	0	0.263434	0	0.503703	0	0
chr1:26237491-26237635	0	0.526868	0.560717	0.503703	0	0
chr1:42292212-42292422	0	0	0	0	0.62166	1.14211
chr1:75386770-75386949	0	0	0	0	0.41444	0
chr1:79338304-79346173	0	0	0	0.503703	0.41444	0
chr10:110359221-110360293	0	0	0	0	0	0
chr10:120653168-120654425	0	0	0	0.251852	0.41444	0
chr10:120655939-120659419	0	0.263434	0	0	0	0
chr10:59854242-59854639	0	0	0	0	0	0
chr10:84817634-84822746	0	0	0	0	0	0
chr11:25348833-25352031	0	0.526868	0	0	0	0
chr11:37600306-37604610	0	2.10747	0	0	0	0
chr11:39756107-39762181	0	0	0	0.503703	0	0
chr11:55327275-55330930	0	0	0	0	0	0
chr12:114459774-114460089	0	0.526868	0	0.503703	0	0.571055
chr12:14384340-14389564	0	0	0	0	0	0
chr12:17629481-17630997	0	0.263434	0	0	0	0
chr12:33241216-33243353	0	0	0.560717	0	0.20722	0.571055
chr12:55324702-55326490	0	1.31717	0	0	0	0
chr12:73211876-73212087	0	0	0	0	0	0
chr12:76685907-76691152	0	1.5806	0	0	0.41444	1.14211
chr12:9986935-9989116	0	0	0	0.251852	0	0
chr13:49441229-49446163	0	0.526868	0.560717	0.503703	0.82888	1.14211
chr14:25895151-25899733	0	0	0.560717	0.503703	0	0
chr14:35120747-35123975	0	0	0	0.503703	0	0.856582
chr15:69280904-69281275	0	0.526868	0.280358	0.503703	0.41444	0
chr15:94011574-94012450	0	0.526868	0	0	0	0
chr16:34971342-34979670	0	0	0	0	0	0
chr16:52249984-52251309	0	0	0	0	0	0
chr17:29957962-29958113	0	0	0.560717	0.503703	0	0
chr17:52489139-52493756	0	0	0	0.251852	0.41444	0
chr17:6636283-6640338	0	0	0	0	0	0
chr17:66792120-66793745	0	0.526868	0	0	0	0.571055
chr17:72499393-72502116	0	0	0	0	0.20722	0.571055
chr18:51539423-51539861	0	0	0	0	0	0
chr18:56308806-56313568	0	1.5806	0	0	0.41444	0
chr18:9422411-9426212	0	0	0	0	0.41444	0.285527
chr19:10139833-10143912	0	0	0	0	0	0
chr19:15940011-15945535	0	0.263434	0	0.251852	0.20722	0
chr19:20702026-20706863	0	0.526868	0.560717	0.503703	0.82888	0
chr19:21313162-21317583	0	0.526868	0	0.251852	0.41444	0
chr19:23209618-23214642	0	0	0	0	0	0
chr19:23360191-23362545	0	1.05374	1.96251	0.503703	0	0.571055
chr19:23369633-23371835	0	0.790302	0	0	0.41444	1.14211
chr19:46704897-46706232	0	0.790302	0	0.503703	0.41444	0.285527
chr19:6574624-6576899	0	0	0	0.503703	0	0
chr2:101794658-101794868	0	0	0.841075	1.00741	0.82888	1.14211
chr2:124416882-124418673	0	0	0	0	0	0
chr2:138579694-138580294	0	0	0	0	0	0
chr2:201066976-201067406	0	0	0	0	0	0
chr2:231512191-231512255	0	0	0.560717	0	0	0
chr2:44245869-44251550	0	0	0	0	0.20722	0.571055
chr2:57454779-57454832	0	0	0	0.503703	0	0
chr2:89349617-89356019	0	0	0	0	0	0
chr2:90182898-90189295	0	0	0	0	0	0
chr3:126778404-126778578	0	0	0	0	0	0
chr3:153543370-153546767	0	0	0	0	0	0
chr3:155001034-155002719	0	0	0	0	0	0
chr3:161871638-161877425	0	0.790302	0.280358	0	0.41444	0
chr3:168649068-168650726	0	0.526868	0.560717	0.755555	2.48664	4.56844
chr3:27640924-27644190	0	0	0	0	0	0
chr3:63569587-63570306	0	0	0	0	0	0
chr3:67088719-67094174	0	0.526868	0.560717	0.503703	0.82888	0.571055
chr3:79667883-79670382	0	0.526868	0	0	0	0
chr3:83403758-83406751	0	0	0	0	0	0
chr3:84236383-84242187	0	1.5806	0	0	0	0
chr3:87619881-87624544	0	0	0	0	0	0.285527
chr3:97963175-97968237	0	0	0	0	0	0
chr4_gl000193_random:115226-117283	0	0	0	0	0	0
chr4_gl000194_random:189807-189932	0	0	0	0	0	0
chr4:125797224-125798379	0	0	0	0	0	0
chr4:131868399-131869225	0	0	0	0	0	0
chr4:132587545-132589606	0	0	0	0	0	0
chr4:135837827-135838173	0	0	0	0	0	0
chr4:137531770-137539613	0	0	0	0	0	0
chr4:146174226-146177715	0	0	0.560717	0	0	0
chr4:20197332-20200405	0	0	0	0	0	0
chr4:35019352-35023433	0	0	0	0	0	0
chr4:45693099-45693853	0	0	0	0	0	0
chr4:59157294-59161705	0	0	0	0	0	0
chr4:89263188-89263931	0	0.526868	0.841075	0.503703	0.41444	0.571055
chr5:125984314-125984938	0	0.526868	0	0	0	0
chr5:178617150-178617626	0	0.526868	0.560717	1.00741	0.41444	0.571055
chr5:22974699-22975019	0	0	0	0	0	0
chr5:44110962-44111189	0	0	0.560717	0.503703	0.41444	0
chr5:44115179-44119843	0	0	0.560717	0.503703	0	0
chr5:56312734-56317894	0	0	0.280358	0	0	0
chr5:8414605-8416662	0	0	0	0	0	0
chr6_apd_hap1:4600478-4605983	0	0	0	0	0	0
chr6_cox_hap2:4757494-4762998	0	0	0	0	0	0
chr6_cox_hap2:732588-739039	0	0	0	0	0	0
chr6_dbb_hap3:4595002-4600506	0	0	0	0	0	0
chr6_dbb_hap3:517108-523559	0	0	0	0	0	0
chr6_mann_hap4:517105-523556	0	0	0	0	0	0
chr6_mcf_hap5:4787431-4792936	0	0	0	0	0	0
chr6_qbl_hap6:4545932-4551436	0	0	0	0	0	0
chr6_qbl_hap6:517105-521899	0	0	0	0	0	0
chr6_ssto_hap7:554610-561061	0	0	0	0	0	0
chr6:147951918-147953818	0	0	0.560717	0	0	0.571055
chr6:152811879-152817886	0	0.526868	0.560717	0	0.41444	0.571055
chr6:66383043-66383858	0	0	0	0	0	0
chr6:68577955-68583901	0	0	0	0	0	0
chr6:68591329-68598779	0	0	0.560717	0.503703	0.41444	0
chr7:106168627-106173636	0	1.31717	0.560717	0.251852	0	0.571055
chr7:106470518-106478526	0	0	0	0	0.41444	0
chr7:150004792-150009372	0	0	0	0	0	0
chr7:51668416-51668460	0	0	0	0	0	0
chr7:52400725-52406367	0	0	0	0	0	0
chr7:67683073-67683278	0	0	0	0	0	0
chr8:120887589-120888221	0	1.05374	0.560717	0.503703	0.41444	0.571055
chr8:37858186-37861214	0	0	0.560717	0	0.41444	0.571055
chr8:50332718-50338520	0	0.526868	0	0	0	0
chr8:5294391-5299418	0	0.526868	0	0	0	0
chr8:84456412-84462464	0	0.526868	0	0	0	0
chr9:11102148-11102263	0	0	0	0	0	0
chr9:140738391-140739567	0	0.526868	0	0	0	0
chr9:140740879-140744484	0	0.790302	0.560717	0.503703	0.62166	0
chr9:25995545-25999572	0	0	0	0	0	0
chr9:44977936-44980000	0	0	0	0	0	0
chr9:46100911-46102975	0	0	0	0	0	0
chr9:46401340-46403404	0	0	0	0	0	0
chr9:6020469-6022201	0	4.21495	0	0	0	0
chr9:67804431-67806495	0	0	0	0	0	0
chr9:88761430-88762344	0	0.526868	0.841075	0.503703	1.0361	0.571055
chrX:100041775-100046490	0	0.526868	0	0	0	0.285527
chrX:116552283-116555833	0	0	0	0	0	0
chrX:127397087-127398228	0	0.526868	0	0	0.41444	0
chrX:140489502-140490186	0	0	0	0.503703	0	0
chrX:141315408-141320412	0	0	0	0	0	0
chrX:142590400-142592270	0	0.526868	0.280358	0	0.41444	0
chrX:152360822-152366863	0	0.526868	0	0	0	0
chrX:27304764-27312665	0	0	0	0	0.41444	0.571055
chrX:3391482-3391728	0	0	0	0	0	0
chrX:35627922-35630647	0	0	0	0	0	0
chrX:38410621-38410917	0	0	0	0	0	0
chrX:55815181-55819731	0	0.790302	0.560717	0.503703	0.41444	0.571055
chrX:73021655-73026964	0	0.790302	0	0.503703	0.20722	0
chrX:75076265-75079408	0	0.526868	0	1.00741	0	0.571055
chrX:81982646-81987966	0	0	0	0	0	0
chrY:14009555-14016907	0	0	0	0	0	0
chrY:16467140-16471512	0	0	0	0	0	0
chrY:17211100-17215503	0	0	0	0	0	0
chrY:17884000-17884466	0	0	0	0	0	0
chrY:19243137-19244534	0	0	0	0	0	0
chrY:19249070-19254386	0	0	0	0	0	0
chrY:21107257-21110609	0	0.263434	0	0	0	0
chrY:21574352-21574490	0	0	0	0	0	0
chrY:23058802-23062684	0	0	0	0	0	0
chrY:23065158-23067249	0	0	0	0	0	0
chrY:23198304-23206630	0	0.526868	0	0	0	0
